"User Story Number","User Story Description","Feature Number","Feature Description"
"US-1","As a HUD admin user, I want to view the current SMART software version, so that I can confirm I am using the correct release.","F-1","Display version number in a persistent footer after login"
"US-1","As a HUD admin user, I want to view the current SMART software version, so that I can confirm I am using the correct release.","F-2","Retrieve version value dynamically from build metadata"
"US-1","As a HUD admin user, I want to view the current SMART software version, so that I can confirm I am using the correct release.","F-3","Show build date beside version number"
"US-1","As a HUD admin user, I want to view the current SMART software version, so that I can confirm I am using the correct release.","F-4","Hide version display for unauthenticated sessions"
"US-2","As a HUD admin user, I want to review SMART system requirements, so that I can verify my workstation meets them.","F-1","Provide link to requirements page from login screen"
"US-2","As a HUD admin user, I want to review SMART system requirements, so that I can verify my workstation meets them.","F-2","List supported OS, browser and minimum versions"
"US-2","As a HUD admin user, I want to review SMART system requirements, so that I can verify my workstation meets them.","F-3","List required network ports and security settings"
"US-2","As a HUD admin user, I want to review SMART system requirements, so that I can verify my workstation meets them.","F-4","Validate browser version on load and warn if unsupported"
"US-3","As a HUD admin user, I want to log into SMART with my credentials, so that I can securely access system functions.","F-1","Present username and password fields with required validation"
"US-3","As a HUD admin user, I want to log into SMART with my credentials, so that I can securely access system functions.","F-2","Authenticate credentials against HUD identity provider"
"US-3","As a HUD admin user, I want to log into SMART with my credentials, so that I can securely access system functions.","F-3","Lock account after configurable failed-login threshold"
"US-3","As a HUD admin user, I want to log into SMART with my credentials, so that I can securely access system functions.","F-4","Redirect successful login to default dashboard"
"US-3","As a HUD admin user, I want to log into SMART with my credentials, so that I can securely access system functions.","F-5","Expire session after configurable inactivity period"
"US-4","As a HUD admin user, I want to open the Solution Menu, so that I can navigate across SMART modules.","F-1","Toggle collapsible sidebar via hamburger icon"
"US-4","As a HUD admin user, I want to open the Solution Menu, so that I can navigate across SMART modules.","F-2","Persist expanded/collapsed state per user"
"US-4","As a HUD admin user, I want to open the Solution Menu, so that I can navigate across SMART modules.","F-3","Highlight the currently selected menu item"
"US-4","As a HUD admin user, I want to open the Solution Menu, so that I can navigate across SMART modules.","F-4","Provide keyboard navigation for accessibility"
"US-5","As a HUD admin user, I want to navigate to My Dashboard from the Solution Menu, so that I can view my personalized overview.","F-1","Route “My Dashboard” menu click to /dashboard page"
"US-5","As a HUD admin user, I want to navigate to My Dashboard from the Solution Menu, so that I can view my personalized overview.","F-2","Display dashboard breadcrumb in header"
"US-5","As a HUD admin user, I want to navigate to My Dashboard from the Solution Menu, so that I can view my personalized overview.","F-3","Persist last-visited tab within dashboard per user"
"US-6","As a HUD admin user, I want to open the Loan Module & Mail from the Solution Menu, so that I can manage loan data.","F-1","Route “Loan” menu click to /loan page"
"US-6","As a HUD admin user, I want to open the Loan Module & Mail from the Solution Menu, so that I can manage loan data.","F-2","Show module name in page header"
"US-6","As a HUD admin user, I want to open the Loan Module & Mail from the Solution Menu, so that I can manage loan data.","F-3","Store module access in audit log"
"US-7","As a HUD admin user, I want to open the Servicing module from the Solution Menu, so that I can work with servicing activities.","F-1","Route “Servicing” menu click to /servicing page"
"US-7","As a HUD admin user, I want to open the Servicing module from the Solution Menu, so that I can work with servicing activities.","F-2","Display servicing submenu if present"
"US-7","As a HUD admin user, I want to open the Servicing module from the Solution Menu, so that I can work with servicing activities.","F-3","Record navigation event in audit log"
"US-8","As a HUD admin user, I want to open the Bankruptcy module from the Solution Menu, so that I can manage bankruptcy records.","F-1","Route “Bankruptcy” menu click to /bankruptcy page"
"US-8","As a HUD admin user, I want to open the Bankruptcy module from the Solution Menu, so that I can manage bankruptcy records.","F-2","Display bankruptcy module header"
"US-8","As a HUD admin user, I want to open the Bankruptcy module from the Solution Menu, so that I can manage bankruptcy records.","F-3","Log module access with timestamp"
"US-9","As a HUD admin user, I want to open the Foreclosure module from the Solution Menu, so that I can manage foreclosure activities.","F-1","Route “Foreclosure” menu click to /foreclosure page"
"US-9","As a HUD admin user, I want to open the Foreclosure module from the Solution Menu, so that I can manage foreclosure activities.","F-2","Show foreclosure breadcrumb path"
"US-9","As a HUD admin user, I want to open the Foreclosure module from the Solution Menu, so that I can manage foreclosure activities.","F-3","Log user navigation to module"
"US-10","As a HUD admin user, I want to open the Mortgage Release module from the Solution Menu, so that I can process mortgage releases.","F-1","Route “Mortgage Release” menu click to /mortgage-release page"
"US-10","As a HUD admin user, I want to open the Mortgage Release module from the Solution Menu, so that I can process mortgage releases.","F-2","Show module title in header"
"US-10","As a HUD admin user, I want to open the Mortgage Release module from the Solution Menu, so that I can process mortgage releases.","F-3","Write navigation event to audit trail"
"US-11","As a HUD admin user, I want to open the Cash Management module from the Solution Menu, so that I can oversee financial transactions.","F-1","Route “Cash Management” menu click to /cash-management page"
"US-11","As a HUD admin user, I want to open the Cash Management module from the Solution Menu, so that I can oversee financial transactions.","F-2","Display cash-management banner in header"
"US-11","As a HUD admin user, I want to open the Cash Management module from the Solution Menu, so that I can oversee financial transactions.","F-3","Audit module access with user ID and time"
"US-12","As a HUD admin user, I want to open the Customer Service module from the Solution Menu, so that I can manage support tickets.","F-1","Route “Customer Service” menu click to /customer-service page"
"US-12","As a HUD admin user, I want to open the Customer Service module from the Solution Menu, so that I can manage support tickets.","F-2","Show customer-service breadcrumb"
"US-12","As a HUD admin user, I want to open the Customer Service module from the Solution Menu, so that I can manage support tickets.","F-3","Record navigation in audit log"
"US-13","As a HUD admin user, I want to open the Reports section from the Solution Menu, so that I can run and export SMART reports.","F-1","Route “Reports” menu click to /reports page"
"US-13","As a HUD admin user, I want to open the Reports section from the Solution Menu, so that I can run and export SMART reports.","F-2","List available report categories on load"
"US-13","As a HUD admin user, I want to open the Reports section from the Solution Menu, so that I can run and export SMART reports.","F-3","Audit report-module access with timestamp"
"US-14","As a HUD admin user, I want to open User Information & Roles from the Solution Menu, so that I can manage user accounts.","F-1","Route “User Info & Roles” menu click to /users page"
"US-14","As a HUD admin user, I want to open User Information & Roles from the Solution Menu, so that I can manage user accounts.","F-2","Display user-management toolbar"
"US-14","As a HUD admin user, I want to open User Information & Roles from the Solution Menu, so that I can manage user accounts.","F-3","Log administrative access to user module"
"US-15","As a HUD admin user, I want to open the Maintenance section from the Solution Menu, so that I can perform system maintenance tasks.","F-1","Route “Maintenance” menu click to /maintenance page"
"US-15","As a HUD admin user, I want to open the Maintenance section from the Solution Menu, so that I can perform system maintenance tasks.","F-2","Display maintenance warning banner where applicable"
"US-15","As a HUD admin user, I want to open the Maintenance section from the Solution Menu, so that I can perform system maintenance tasks.","F-3","Log maintenance-module access to audit"
"US-16","As a HUD admin user, I want to change my SMART password, so that I can keep my account secure.","F-1","Provide “Change Password” link in user profile menu"
"US-16","As a HUD admin user, I want to change my SMART password, so that I can keep my account secure.","F-2","Require current password plus new password and confirmation"
"US-16","As a HUD admin user, I want to change my SMART password, so that I can keep my account secure.","F-3","Enforce HUD password complexity rules"
"US-16","As a HUD admin user, I want to change my SMART password, so that I can keep my account secure.","F-4","Invalidate all other sessions after successful change"
"US-17","As a HUD admin user, I want to recover my password when forgotten, so that I can regain system access securely.","F-1","Provide “Forgot Password” link on login page"
"US-17","As a HUD admin user, I want to recover my password when forgotten, so that I can regain system access securely.","F-2","Send reset email with time-limited token"
"US-17","As a HUD admin user, I want to recover my password when forgotten, so that I can regain system access securely.","F-3","Validate token before allowing password reset"
"US-17","As a HUD admin user, I want to recover my password when forgotten, so that I can regain system access securely.","F-4","Log password-recovery attempt in security audit"
"US-18","As a Customer Service Agent, I want to close a ticket, so that the issue is formally resolved.","F-1","Display a Close Ticket action on the ticket detail screen."
"US-18","As a Customer Service Agent, I want to close a ticket, so that the issue is formally resolved.","F-2","Require user confirmation before finalizing closure."
"US-18","As a Customer Service Agent, I want to close a ticket, so that the issue is formally resolved.","F-3","Update ticket status to “Closed” and refresh the view."
"US-19","As a Customer Service Agent, I want to create a new ticket from the header, so that I can record issues from anywhere in the system.","F-1","Add “New Ticket” button to the global header."
"US-19","As a Customer Service Agent, I want to create a new ticket from the header, so that I can record issues from anywhere in the system.","F-2","Open blank ticket form when the button is clicked."
"US-19","As a Customer Service Agent, I want to create a new ticket from the header, so that I can record issues from anywhere in the system.","F-3","Save the ticket and show its system-generated number."
"US-20","As a Customer Service Agent, I want to create a new ticket from a loan’s FHA-case tab, so that the ticket links to that specific loan.","F-1","Provide “New Ticket” control in the FHA-case tab."
"US-20","As a Customer Service Agent, I want to create a new ticket from a loan’s FHA-case tab, so that the ticket links to that specific loan.","F-2","Auto-populate loan identifiers on the ticket form."
"US-20","As a Customer Service Agent, I want to create a new ticket from a loan’s FHA-case tab, so that the ticket links to that specific loan.","F-3","Persist the ticket with its loan association."
"US-21","As a Customer Service Agent, I want to re-open a closed ticket, so that I can continue working when issues resurface.","F-1","Show “Re-Open” action on closed tickets."
"US-21","As a Customer Service Agent, I want to re-open a closed ticket, so that I can continue working when issues resurface.","F-2","Require reason entry before re-opening."
"US-21","As a Customer Service Agent, I want to re-open a closed ticket, so that I can continue working when issues resurface.","F-3","Change status to “Open” and log the action."
"US-22","As a Customer Service Agent, I want to merge a non-system ticket into another, so that duplicate work is eliminated.","F-1","Provide ticket-merge option on eligible tickets."
"US-22","As a Customer Service Agent, I want to merge a non-system ticket into another, so that duplicate work is eliminated.","F-2","Display search to select destination ticket."
"US-22","As a Customer Service Agent, I want to merge a non-system ticket into another, so that duplicate work is eliminated.","F-3","Combine comments and attachments, keeping destination number."
"US-23","As a Customer Service Agent, I want to import a CRM review-queue item into an existing service case, so that all correspondence stays centralized.","F-1","List CRM queue items with “Import” control."
"US-23","As a Customer Service Agent, I want to import a CRM review-queue item into an existing service case, so that all correspondence stays centralized.","F-2","Allow search and selection of an existing case."
"US-23","As a Customer Service Agent, I want to import a CRM review-queue item into an existing service case, so that all correspondence stays centralized.","F-3","Copy email body and attachments into the case log."
"US-24","As a Customer Service Agent, I want to delete a CRM queue ticket, so that irrelevant items are removed from the review list.","F-1","Provide Delete action for each CRM queue item."
"US-24","As a Customer Service Agent, I want to delete a CRM queue ticket, so that irrelevant items are removed from the review list.","F-2","Prompt confirmation before permanent removal."
"US-24","As a Customer Service Agent, I want to delete a CRM queue ticket, so that irrelevant items are removed from the review list.","F-3","Refresh queue list after successful deletion."
"US-25","As a Customer Service Manager, I want to run Customer Service reports, so that I can monitor agent performance and workload.","F-1","Offer report selection for date range and team."
"US-25","As a Customer Service Manager, I want to run Customer Service reports, so that I can monitor agent performance and workload.","F-2","Generate metrics on tickets opened, closed, pending."
"US-25","As a Customer Service Manager, I want to run Customer Service reports, so that I can monitor agent performance and workload.","F-3","Allow export to PDF and Excel."
"US-26","As a Director, I want to generate Director-level reports, so that I can review organization-wide service trends.","F-1","Provide Director Reports menu visible to Director role."
"US-26","As a Director, I want to generate Director-level reports, so that I can review organization-wide service trends.","F-2","Aggregate multi-team KPIs into a dashboard view."
"US-26","As a Director, I want to generate Director-level reports, so that I can review organization-wide service trends.","F-3","Enable scheduled email delivery of report PDFs."
"US-27","As a Servicing Supervisor, I want to run Servicing/Release reports, so that I can track loan servicing milestones.","F-1","List all servicing report templates in module."
"US-27","As a Servicing Supervisor, I want to run Servicing/Release reports, so that I can track loan servicing milestones.","F-2","Accept filters for product, region, date range."
"US-27","As a Servicing Supervisor, I want to run Servicing/Release reports, so that I can track loan servicing milestones.","F-3","Export results to CSV."
"US-28","As an Accounting User, I want to generate accounting reports, so that financial data is available for reconciliation.","F-1","Display accounting report catalog restricted to Accounting role."
"US-28","As an Accounting User, I want to generate accounting reports, so that financial data is available for reconciliation.","F-2","Include GL-account summaries and transaction detail."
"US-28","As an Accounting User, I want to generate accounting reports, so that financial data is available for reconciliation.","F-3","Support print-ready PDF output."
"US-29","As a System User, I want to manage my account information, so that my profile and contact data remain current.","F-1","Show editable fields for name, phone, and email."
"US-29","As a System User, I want to manage my account information, so that my profile and contact data remain current.","F-2","Validate required fields before save."
"US-29","As a System User, I want to manage my account information, so that my profile and contact data remain current.","F-3","Persist changes and display success message."
"US-30","As an Administrator, I want to change a user’s roles, so that access permissions stay accurate.","F-1","List assignable roles with checkboxes per user."
"US-30","As an Administrator, I want to change a user’s roles, so that access permissions stay accurate.","F-2","Save role changes immediately to security tables."
"US-30","As an Administrator, I want to change a user’s roles, so that access permissions stay accurate.","F-3","Log role-change audit entry with admin ID."
"US-31","As a Queue Supervisor, I want to change an agent’s queue status, so that ticket routing reflects availability.","F-1","Provide status drop-down (Active, Away, Offline)."
"US-31","As a Queue Supervisor, I want to change an agent’s queue status, so that ticket routing reflects availability.","F-2","Update round-robin assignment rules on save."
"US-31","As a Queue Supervisor, I want to change an agent’s queue status, so that ticket routing reflects availability.","F-3","Display visual indicator of each agent’s status."
"US-32","As a Queue Supervisor, I want to add a new designee to the ticket round-robin, so that workload is shared fairly.","F-1","Offer “Add Designee” form capturing user and skills."
"US-32","As a Queue Supervisor, I want to add a new designee to the ticket round-robin, so that workload is shared fairly.","F-2","Insert designee into rotation order."
"US-32","As a Queue Supervisor, I want to add a new designee to the ticket round-robin, so that workload is shared fairly.","F-3","Confirm addition with on-screen toast."
"US-33","As a Maintenance Admin, I want to manage vendor records, so that external partners’ data is up-to-date.","F-1","List vendors with search and pagination."
"US-33","As a Maintenance Admin, I want to manage vendor records, so that external partners’ data is up-to-date.","F-2","Enable add, edit, deactivate actions per vendor."
"US-33","As a Maintenance Admin, I want to manage vendor records, so that external partners’ data is up-to-date.","F-3","Enforce unique vendor tax ID."
"US-34","As a Maintenance Admin, I want to manage module-specific accounts, so that access to maintenance tools is controlled.","F-1","Display account grid with role and status columns."
"US-34","As a Maintenance Admin, I want to manage module-specific accounts, so that access to maintenance tools is controlled.","F-2","Support edit of account credentials."
"US-34","As a Maintenance Admin, I want to manage module-specific accounts, so that access to maintenance tools is controlled.","F-3","Provide bulk activate/deactivate action."
"US-35","As a Maintenance Admin, I want to create a new account, so that new users gain module access.","F-1","Present “Create Account” wizard with required fields."
"US-35","As a Maintenance Admin, I want to create a new account, so that new users gain module access.","F-2","Validate password strength and email uniqueness."
"US-35","As a Maintenance Admin, I want to create a new account, so that new users gain module access.","F-3","Send welcome email after creation."
"US-36","As a Customer Service Agent, I want to view my Tickets Dashboard, so that I can focus on my assigned work.","F-1","Show widgets for open, pending, and overdue tickets."
"US-36","As a Customer Service Agent, I want to view my Tickets Dashboard, so that I can focus on my assigned work.","F-2","Provide quick links to each ticket list."
"US-36","As a Customer Service Agent, I want to view my Tickets Dashboard, so that I can focus on my assigned work.","F-3","Auto-refresh counts every five minutes."
"US-37","As a Customer Service Agent, I want to pin a ticket to my dashboard, so that important cases stay visible.","F-1","Add “Pin to Dashboard” icon on ticket header."
"US-37","As a Customer Service Agent, I want to pin a ticket to my dashboard, so that important cases stay visible.","F-2","Display pinned ticket widget on dashboard."
"US-37","As a Customer Service Agent, I want to pin a ticket to my dashboard, so that important cases stay visible.","F-3","Persist pin state per user profile."
"US-38","As a Customer Service Agent, I want to unpin a ticket from my dashboard, so that the view remains uncluttered.","F-1","Show “Unpin” control on pinned ticket widget."
"US-38","As a Customer Service Agent, I want to unpin a ticket from my dashboard, so that the view remains uncluttered.","F-2","Remove widget instantly after confirmation."
"US-38","As a Customer Service Agent, I want to unpin a ticket from my dashboard, so that the view remains uncluttered.","F-3","Update stored pin list."
"US-39","As a Loan Analyst, I want to pin a loan record to my dashboard, so that I access key loans quickly.","F-1","Provide pin icon on loan summary page."
"US-39","As a Loan Analyst, I want to pin a loan record to my dashboard, so that I access key loans quickly.","F-2","Render loan card in dashboard Loans section."
"US-39","As a Loan Analyst, I want to pin a loan record to my dashboard, so that I access key loans quickly.","F-3","Keep pinning user-specific."
"US-40","As a Loan Analyst, I want to unpin a loan record, so that obsolete shortcuts are removed.","F-1","Display unpin control on loan dashboard card."
"US-40","As a Loan Analyst, I want to unpin a loan record, so that obsolete shortcuts are removed.","F-2","Delete card upon confirmation."
"US-40","As a Loan Analyst, I want to unpin a loan record, so that obsolete shortcuts are removed.","F-3","Persist updated pin list."
"US-41","As a Supervisor, I want to filter tickets by LSC user, so that I can monitor individual workloads.","F-1","Provide LSC-user drop-down on ticket list."
"US-41","As a Supervisor, I want to filter tickets by LSC user, so that I can monitor individual workloads.","F-2","Refresh list to show only selected user’s tickets."
"US-41","As a Supervisor, I want to filter tickets by LSC user, so that I can monitor individual workloads.","F-3","Retain filter setting during session."
"US-42","As a Supervisor, I want batch ticket reassignment in the LSC inbox, so that I quickly balance queues.","F-1","Enable multi-select checkboxes on inbox list."
"US-42","As a Supervisor, I want batch ticket reassignment in the LSC inbox, so that I quickly balance queues.","F-2","Present “Reassign” modal to choose new owner."
"US-42","As a Supervisor, I want batch ticket reassignment in the LSC inbox, so that I quickly balance queues.","F-3","Update ownership for all selected tickets."
"US-43","As a Supervisor, I want to view the Supervisor Inbox, so that I see escalated tickets in one place.","F-1","Show inbox tab limited to Supervisor role."
"US-43","As a Supervisor, I want to view the Supervisor Inbox, so that I see escalated tickets in one place.","F-2","Display ticket age, priority, and owner columns."
"US-43","As a Supervisor, I want to view the Supervisor Inbox, so that I see escalated tickets in one place.","F-3","Provide quick link to disposition workflow."
"US-44","As a Supervisor, I want to change a ticket’s disposition, so that its workflow step is updated.","F-1","Offer editable disposition field on ticket edit."
"US-44","As a Supervisor, I want to change a ticket’s disposition, so that its workflow step is updated.","F-2","Validate allowed transitions per business rules."
"US-44","As a Supervisor, I want to change a ticket’s disposition, so that its workflow step is updated.","F-3","Audit disposition changes with timestamp and user."
"US-45","As a Supervisor, I want a visual disposition workflow, so that I understand ticket progress.","F-1","Render workflow diagram with current step highlighted."
"US-45","As a Supervisor, I want a visual disposition workflow, so that I understand ticket progress.","F-2","Allow click-through to pending action screens."
"US-45","As a Supervisor, I want a visual disposition workflow, so that I understand ticket progress.","F-3","Update diagram in real time after status change."
"US-46","As a System Admin, I want tickets auto-assigned, so that new tickets are distributed evenly.","F-1","Configure auto-assign toggle per queue."
"US-46","As a System Admin, I want tickets auto-assigned, so that new tickets are distributed evenly.","F-2","Apply round-robin algorithm on ticket creation."
"US-46","As a System Admin, I want tickets auto-assigned, so that new tickets are distributed evenly.","F-3","Log assignment in ticket history."
"US-47","As a Supervisor, I want to filter items by HUD user, so that HUD-specific workloads are visible.","F-1","Add HUD-user filter in lists supporting HUD view."
"US-47","As a Supervisor, I want to filter items by HUD user, so that HUD-specific workloads are visible.","F-2","Refresh data based on selection."
"US-47","As a Supervisor, I want to filter items by HUD user, so that HUD-specific workloads are visible.","F-3","Preserve filter while navigating sub-tabs."
"US-48","As a Supervisor, I want HUD inbox batch ticket reassignment, so that HUD tickets are redistributed quickly.","F-1","Enable multi-select in HUD inbox."
"US-48","As a Supervisor, I want HUD inbox batch ticket reassignment, so that HUD tickets are redistributed quickly.","F-2","Provide reassignment dialog for selected tickets."
"US-48","As a Supervisor, I want HUD inbox batch ticket reassignment, so that HUD tickets are redistributed quickly.","F-3","Show success banner with reassigned count."
"US-49","As a Supervisor, I want to view the Action List, so that I can track required follow-ups.","F-1","Display sortable action list grid."
"US-49","As a Supervisor, I want to view the Action List, so that I can track required follow-ups.","F-2","Highlight overdue actions in red."
"US-49","As a Supervisor, I want to view the Action List, so that I can track required follow-ups.","F-3","Link each action to its underlying ticket."
"US-50","As a Supervisor, I want to view unassigned tickets, so that I can allocate them promptly.","F-1","Provide Unassigned tab showing tickets without owners."
"US-50","As a Supervisor, I want to view unassigned tickets, so that I can allocate them promptly.","F-2","Sort list by age descending by default."
"US-50","As a Supervisor, I want to view unassigned tickets, so that I can allocate them promptly.","F-3","Offer single-click assignment control."
"US-51","As a Supervisor, I want to filter unassigned tickets by terminated user, so that I can reclaim abandoned work.","F-1","Include “Terminated User” filter on Unassigned tab."
"US-51","As a Supervisor, I want to filter unassigned tickets by terminated user, so that I can reclaim abandoned work.","F-2","Display only tickets whose last owner is terminated."
"US-51","As a Supervisor, I want to filter unassigned tickets by terminated user, so that I can reclaim abandoned work.","F-3","Allow bulk reassignment of filtered results."
"US-52","As a Supervisor, I want batch reassignment for unassigned tickets, so that they reach active agents.","F-1","Support multi-select and assign owner in one action."
"US-52","As a Supervisor, I want batch reassignment for unassigned tickets, so that they reach active agents.","F-2","Update ticket owner field for all selections."
"US-52","As a Supervisor, I want batch reassignment for unassigned tickets, so that they reach active agents.","F-3","Show confirmation of reassigned totals."
"US-53","As a Loan User, I want to access the Loan Search screen, so that I can locate existing loans quickly.","F-1","Provide navigation link to Loan Search."
"US-53","As a Loan User, I want to access the Loan Search screen, so that I can locate existing loans quickly.","F-2","Display search criteria fields on load."
"US-53","As a Loan User, I want to access the Loan Search screen, so that I can locate existing loans quickly.","F-3","Remember last ten searches per user."
"US-54","As a Loan User, I want to search the production database, so that I see current loan data.","F-1","Offer “Production” database option in search source."
"US-54","As a Loan User, I want to search the production database, so that I see current loan data.","F-2","Execute query and return matching loans."
"US-54","As a Loan User, I want to search the production database, so that I see current loan data.","F-3","Show count of results found."
"US-55","As a Loan User, I want to search the legacy database, so that I can retrieve historical loans.","F-1","Provide “Legacy” option in database selector."
"US-55","As a Loan User, I want to search the legacy database, so that I can retrieve historical loans.","F-2","Run query against legacy schema."
"US-55","As a Loan User, I want to search the legacy database, so that I can retrieve historical loans.","F-3","Display results in standard grid."
"US-56","As a Loan User, I want to search the DATC database, so that I can review DATC-specific loans.","F-1","Include DATC in database dropdown."
"US-56","As a Loan User, I want to search the DATC database, so that I can review DATC-specific loans.","F-2","Query DATC tables with supplied criteria."
"US-56","As a Loan User, I want to search the DATC database, so that I can review DATC-specific loans.","F-3","Render results identically to other sources."
"US-57","As a Loan User, I want to view search results, so that I can pick the correct loan.","F-1","List loans with sortable headers."
"US-57","As a Loan User, I want to view search results, so that I can pick the correct loan.","F-2","Paginate results 50 rows per page."
"US-57","As a Loan User, I want to view search results, so that I can pick the correct loan.","F-3","Show clickable loan number hyperlink."
"US-58","As a Loan User, I want meaningful result headers, so that column data is easily understood.","F-1","Display headers for Loan No, Borrower, Status, Balance."
"US-58","As a Loan User, I want meaningful result headers, so that column data is easily understood.","F-2","Allow ascending/descending sort on each header."
"US-58","As a Loan User, I want meaningful result headers, so that column data is easily understood.","F-3","Preserve column order preferences."
"US-59","As a Loan User, I want to search within my results list, so that I refine large datasets quickly.","F-1","Provide inline search box above results grid."
"US-59","As a Loan User, I want to search within my results list, so that I refine large datasets quickly.","F-2","Filter displayed rows based on typed text."
"US-59","As a Loan User, I want to search within my results list, so that I refine large datasets quickly.","F-3","Reset filter when box is cleared."
"US-60","As a Loan User, I want to sort search results, so that I can analyze data in my preferred order.","F-1","Enable click-to-sort on each column."
"US-60","As a Loan User, I want to sort search results, so that I can analyze data in my preferred order.","F-2","Indicate sort direction with arrow icon."
"US-60","As a Loan User, I want to sort search results, so that I can analyze data in my preferred order.","F-3","Maintain sort when paging."
"US-61","As a Loan Processor, I want to launch the New Loan Wizard, so that I can enter a new loan step-by-step.","F-1","Provide “New Loan” button launching wizard modal."
"US-61","As a Loan Processor, I want to launch the New Loan Wizard, so that I can enter a new loan step-by-step.","F-2","Display progress bar showing each wizard step."
"US-61","As a Loan Processor, I want to launch the New Loan Wizard, so that I can enter a new loan step-by-step.","F-3","Allow cancel with warning about unsaved data."
"US-62","As a Loan Processor, I want to complete the Loan Summary step, so that core loan attributes are captured.","F-1","Present fields for loan amount, product, purpose."
"US-62","As a Loan Processor, I want to complete the Loan Summary step, so that core loan attributes are captured.","F-2","Validate mandatory fields before Next enabled."
"US-62","As a Loan Processor, I want to complete the Loan Summary step, so that core loan attributes are captured.","F-3","Persist entered data when advancing steps."
"US-63","As a Loan Processor, I want to enter Loan Details, so that underwriting information is saved.","F-1","Capture term, rate, amortization type."
"US-63","As a Loan Processor, I want to enter Loan Details, so that underwriting information is saved.","F-2","Validate numeric ranges on save."
"US-63","As a Loan Processor, I want to enter Loan Details, so that underwriting information is saved.","F-3","Support edit of details before final submit."
"US-64","As a Loan Processor, I want to provide Loan Filing information, so that filing records are tracked.","F-1","Accept filing date, jurisdiction, and fee fields."
"US-64","As a Loan Processor, I want to provide Loan Filing information, so that filing records are tracked.","F-2","Flag missing required fields."
"US-64","As a Loan Processor, I want to provide Loan Filing information, so that filing records are tracked.","F-3","Save data to filing table."
"US-65","As a Loan Processor, I want to record Loan Recording data, so that county recording details are stored.","F-1","Collect instrument number and recording date."
"US-65","As a Loan Processor, I want to record Loan Recording data, so that county recording details are stored.","F-2","Validate date is not future."
"US-65","As a Loan Processor, I want to record Loan Recording data, so that county recording details are stored.","F-3","Persist recording data on Next."
"US-66","As a Loan Processor, I want to enter Borrower/Entity data, so that borrower information is linked to the loan.","F-1","Provide add/edit borrower sub-grid."
"US-66","As a Loan Processor, I want to enter Borrower/Entity data, so that borrower information is linked to the loan.","F-2","Require EIN or SSN for each entity."
"US-66","As a Loan Processor, I want to enter Borrower/Entity data, so that borrower information is linked to the loan.","F-3","Save borrower list to loan record."
"US-67","As a Loan Processor, I want to add Property Inspection details, so that compliance evidence is documented.","F-1","Offer inspection date, inspector, and findings fields."
"US-67","As a Loan Processor, I want to add Property Inspection details, so that compliance evidence is documented.","F-2","Allow attachment of inspection images."
"US-67","As a Loan Processor, I want to add Property Inspection details, so that compliance evidence is documented.","F-3","Save inspection to loan profile."
"US-68","As a PMC Agent, I want to view the PMC queue, so that I can process incoming loan packages.","F-1","Display queue list sorted by received date."
"US-68","As a PMC Agent, I want to view the PMC queue, so that I can process incoming loan packages.","F-2","Filter queue by status."
"US-68","As a PMC Agent, I want to view the PMC queue, so that I can process incoming loan packages.","F-3","Provide open option for each package."
"US-69","As a PMC Agent, I want to import data into an existing loan, so that duplicate loans are avoided.","F-1","Provide “Import to Existing Loan” action."
"US-69","As a PMC Agent, I want to import data into an existing loan, so that duplicate loans are avoided.","F-2","Search and select target loan."
"US-69","As a PMC Agent, I want to import data into an existing loan, so that duplicate loans are avoided.","F-3","Merge imported documents into loan folder."
"US-70","As a Loan User, I want to view a loan’s summary, so that I see high-level information instantly.","F-1","Render read-only loan summary page."
"US-70","As a Loan User, I want to view a loan’s summary, so that I see high-level information instantly.","F-2","Display key fields: balance, status, maturity."
"US-70","As a Loan User, I want to view a loan’s summary, so that I see high-level information instantly.","F-3","Offer link to edit view (if authorized)."
"US-71","As a Loan Editor, I want to edit the loan summary, so that updated terms are stored.","F-1","Provide editable form with existing summary data."
"US-71","As a Loan Editor, I want to edit the loan summary, so that updated terms are stored.","F-2","Validate required fields prior to save."
"US-71","As a Loan Editor, I want to edit the loan summary, so that updated terms are stored.","F-3","Write changes to audit log."
"US-72","As a Loan User, I want to view loan details, so that I can analyze granular attributes.","F-1","Show details tab with payment schedule and collateral."
"US-72","As a Loan User, I want to view loan details, so that I can analyze granular attributes.","F-2","Display read-only fields unless user has edit rights."
"US-72","As a Loan User, I want to view loan details, so that I can analyze granular attributes.","F-3","Include print option."
"US-73","As a Loan Editor, I want to edit loan details, so that corrections are applied.","F-1","Enable inline editing on details tab."
"US-73","As a Loan Editor, I want to edit loan details, so that corrections are applied.","F-2","Validate numeric fields on blur."
"US-73","As a Loan Editor, I want to edit loan details, so that corrections are applied.","F-3","Persist updates with success toast."
"US-74","As a Loan User, I want to view loan filing information, so that I confirm filing status.","F-1","Display filing jurisdiction, fee, and date fields."
"US-74","As a Loan User, I want to view loan filing information, so that I confirm filing status.","F-2","Show document download links."
"US-74","As a Loan User, I want to view loan filing information, so that I confirm filing status.","F-3","Indicate missing filings with warning icon."
"US-75","As a Loan Editor, I want to edit loan filing records, so that I correct or add filings.","F-1","Present editable filing form."
"US-75","As a Loan Editor, I want to edit loan filing records, so that I correct or add filings.","F-2","Validate that filing date is present."
"US-75","As a Loan Editor, I want to edit loan filing records, so that I correct or add filings.","F-3","Save and return to view mode."
"US-76","As a Loan User, I want to view loan recording data, so that county recording status is transparent.","F-1","List recording number, book, and page."
"US-76","As a Loan User, I want to view loan recording data, so that county recording status is transparent.","F-2","Show status (Recorded / Pending)."
"US-76","As a Loan User, I want to view loan recording data, so that county recording status is transparent.","F-3","Provide link to scanned image."
"US-77","As a Loan User, I want to view borrower/entity information, so that I know who is obligated.","F-1","Display borrower grid with names and ownership %."
"US-77","As a Loan User, I want to view borrower/entity information, so that I know who is obligated.","F-2","Link borrower rows to full contact profile."
"US-77","As a Loan User, I want to view borrower/entity information, so that I know who is obligated.","F-3","Allow export to CSV."
"US-78","As a Loan Editor, I want to edit borrower/entity data, so that inaccuracies are fixed.","F-1","Provide add, edit, and delete controls in borrower grid."
"US-78","As a Loan Editor, I want to edit borrower/entity data, so that inaccuracies are fixed.","F-2","Require ownership percentages total 100%."
"US-78","As a Loan Editor, I want to edit borrower/entity data, so that inaccuracies are fixed.","F-3","Record changes in audit trail."
"US-79","As a Loan User, I want to view property inspection records, so that I confirm asset condition.","F-1","List inspections with date and outcome."
"US-79","As a Loan User, I want to view property inspection records, so that I confirm asset condition.","F-2","Display attachments thumbnail gallery."
"US-79","As a Loan User, I want to view property inspection records, so that I confirm asset condition.","F-3","Indicate next inspection due date."
"US-80","As an Inspector, I want to add a property inspection, so that new site visits are recorded.","F-1","Launch “Add Inspection” dialog with required fields."
"US-80","As an Inspector, I want to add a property inspection, so that new site visits are recorded.","F-2","Allow multiple photo uploads."
"US-80","As an Inspector, I want to add a property inspection, so that new site visits are recorded.","F-3","Save inspection and refresh list."
"US-81","As a Loan User, I want to view property pictures, so that I see visual evidence of condition.","F-1","Show image gallery tied to inspection."
"US-81","As a Loan User, I want to view property pictures, so that I see visual evidence of condition.","F-2","Provide full-size preview on click."
"US-81","As a Loan User, I want to view property pictures, so that I see visual evidence of condition.","F-3","Allow download of original images."
"US-82","As an Inspector, I want to add property pictures, so that inspections include visuals.","F-1","Enable drag-and-drop image upload area."
"US-82","As an Inspector, I want to add property pictures, so that inspections include visuals.","F-2","Store images with metadata (date, caption)."
"US-82","As an Inspector, I want to add property pictures, so that inspections include visuals.","F-3","Display newly added images immediately."
"US-83","As a Loan User, I want to view loan documents, so that I can review executed paperwork.","F-1","List documents with type, date, and download link."
"US-83","As a Loan User, I want to view loan documents, so that I can review executed paperwork.","F-2","Support preview for PDF/Images."
"US-83","As a Loan User, I want to view loan documents, so that I can review executed paperwork.","F-3","Allow filter by document type."
"US-84","As a Loan Editor, I want to add a document, so that new paperwork is stored with the loan.","F-1","Provide upload control on Documents tab."
"US-84","As a Loan Editor, I want to add a document, so that new paperwork is stored with the loan.","F-2","Require document type selection."
"US-84","As a Loan Editor, I want to add a document, so that new paperwork is stored with the loan.","F-3","Save file to document repository."
"US-85","As a Loan User, I want to view loan notes, so that communication history is transparent.","F-1","Display chronological list of notes."
"US-85","As a Loan User, I want to view loan notes, so that communication history is transparent.","F-2","Show author and timestamp per note."
"US-85","As a Loan User, I want to view loan notes, so that communication history is transparent.","F-3","Provide text-search within notes."
"US-86","As a Loan Editor, I want to add a note, so that I log important updates.","F-1","Present rich-text note entry box."
"US-86","As a Loan Editor, I want to add a note, so that I log important updates.","F-2","Save note to loan and update note count badge."
"US-86","As a Loan Editor, I want to add a note, so that I log important updates.","F-3","Restrict note length to 4,000 characters."
"US-87","As a Loan User, I want to view exceptions, so that outstanding issues are visible.","F-1","List exceptions with severity and due date."
"US-87","As a Loan User, I want to view exceptions, so that outstanding issues are visible.","F-2","Color-code by severity level."
"US-87","As a Loan User, I want to view exceptions, so that outstanding issues are visible.","F-3","Include link to resolve workflow."
"US-88","As a Loan Editor, I want to add an exception, so that new issues are tracked.","F-1","Provide “Add Exception” dialog capturing reason and severity."
"US-88","As a Loan Editor, I want to add an exception, so that new issues are tracked.","F-2","Validate that due date is entered."
"US-88","As a Loan Editor, I want to add an exception, so that new issues are tracked.","F-3","Save exception and refresh list."
"US-89","As a Customer Service Agent, I want to view customer service information on a loan, so that borrower inquiries are handled efficiently.","F-1","Display service requests tied to the loan."
"US-89","As a Customer Service Agent, I want to view customer service information on a loan, so that borrower inquiries are handled efficiently.","F-2","Show status and assigned agent for each request."
"US-89","As a Customer Service Agent, I want to view customer service information on a loan, so that borrower inquiries are handled efficiently.","F-3","Link service request number to its ticket detail."
"US-90","As a HUD admin, I want to view reinstatement details, so that I can assess a borrower’s loan reinstatement status.","F-1","Add “Reinstatement” option to loan navigation menu"
"US-90","As a HUD admin, I want to view reinstatement details, so that I can assess a borrower’s loan reinstatement status.","F-2","Fetch reinstatement record by loan ID and display read-only data"
"US-90","As a HUD admin, I want to view reinstatement details, so that I can assess a borrower’s loan reinstatement status.","F-3","Show key fields: amount due, good-through date, status"
"US-90","As a HUD admin, I want to view reinstatement details, so that I can assess a borrower’s loan reinstatement status.","F-4","Display “no data” message when record absent"
"US-90","As a HUD admin, I want to view reinstatement details, so that I can assess a borrower’s loan reinstatement status.","F-5","Record page access in audit log"
"US-91","As a HUD admin, I want to view payoff information, so that I can confirm payoff amounts and dates.","F-1","Add “Payoff” tab under loan menu"
"US-91","As a HUD admin, I want to view payoff information, so that I can confirm payoff amounts and dates.","F-2","Retrieve payoff amount, effective date, and status from database"
"US-91","As a HUD admin, I want to view payoff information, so that I can confirm payoff amounts and dates.","F-3","Format currency and dates per locale"
"US-91","As a HUD admin, I want to view payoff information, so that I can confirm payoff amounts and dates.","F-4","Provide downloadable payoff letter PDF link when available"
"US-91","As a HUD admin, I want to view payoff information, so that I can confirm payoff amounts and dates.","F-5","Audit each payoff view event"
"US-92","As a HUD admin, I want to view loan balance transfer details, so that I can track any transfers between loans.","F-1","Provide “Balance Transfer” sub-tab"
"US-92","As a HUD admin, I want to view loan balance transfer details, so that I can track any transfers between loans.","F-2","List all transfer transactions with source, target, amount"
"US-92","As a HUD admin, I want to view loan balance transfer details, so that I can track any transfers between loans.","F-3","Enable sort by date and amount"
"US-92","As a HUD admin, I want to view loan balance transfer details, so that I can track any transfers between loans.","F-4","Show warning when no transfers exist"
"US-92","As a HUD admin, I want to view loan balance transfer details, so that I can track any transfers between loans.","F-5","Log user access to balance transfer data"
"US-93","As a HUD admin, I want to add a generic transaction, so that loan activity is accurately recorded.","F-1","Display “Add Transaction” button on Transactions tab"
"US-93","As a HUD admin, I want to add a generic transaction, so that loan activity is accurately recorded.","F-2","Present form with type, amount, date, reference fields"
"US-93","As a HUD admin, I want to add a generic transaction, so that loan activity is accurately recorded.","F-3","Validate required fields before save"
"US-93","As a HUD admin, I want to add a generic transaction, so that loan activity is accurately recorded.","F-4","Persist transaction to database and refresh grid"
"US-93","As a HUD admin, I want to add a generic transaction, so that loan activity is accurately recorded.","F-5","Show success or error toast message"
"US-94","As a HUD admin, I want to view loan history, so that I can review all historical changes to the loan.","F-1","Add “History” tab to loan detail"
"US-94","As a HUD admin, I want to view loan history, so that I can review all historical changes to the loan.","F-2","Display chronological list of status and data changes"
"US-94","As a HUD admin, I want to view loan history, so that I can review all historical changes to the loan.","F-3","Provide filter by change type and user"
"US-94","As a HUD admin, I want to view loan history, so that I can review all historical changes to the loan.","F-4","Export history list to CSV"
"US-94","As a HUD admin, I want to view loan history, so that I can review all historical changes to the loan.","F-5","Audit access to history tab"
"US-95","As a HUD admin, I want to view disbursements, so that I can monitor funds paid out on the loan.","F-1","Create “Disbursements” tab within loan file"
"US-95","As a HUD admin, I want to view disbursements, so that I can monitor funds paid out on the loan.","F-2","List each disbursement with date, payee, amount, purpose"
"US-95","As a HUD admin, I want to view disbursements, so that I can monitor funds paid out on the loan.","F-3","Sum and display total disbursed amount"
"US-95","As a HUD admin, I want to view disbursements, so that I can monitor funds paid out on the loan.","F-4","Support pagination for long lists"
"US-95","As a HUD admin, I want to view disbursements, so that I can monitor funds paid out on the loan.","F-5","Record viewing activity in audit log"
"US-96","As a HUD admin, I want to view monthly statements, so that I can verify statement generation and contents.","F-1","Provide “Monthly Statements” link on loan menu"
"US-96","As a HUD admin, I want to view monthly statements, so that I can verify statement generation and contents.","F-2","List statements with billing period and creation date"
"US-96","As a HUD admin, I want to view monthly statements, so that I can verify statement generation and contents.","F-3","Allow PDF download of individual statements"
"US-96","As a HUD admin, I want to view monthly statements, so that I can verify statement generation and contents.","F-4","Indicate missing statement months with icon"
"US-96","As a HUD admin, I want to view monthly statements, so that I can verify statement generation and contents.","F-5","Track downloads in audit log"
"US-97","As a HUD admin, I want to view customer service notes, so that borrower interactions are visible to all teams.","F-1","Add “Customer Service” tab"
"US-97","As a HUD admin, I want to view customer service notes, so that borrower interactions are visible to all teams.","F-2","Display read-only list of CSR notes with timestamps"
"US-97","As a HUD admin, I want to view customer service notes, so that borrower interactions are visible to all teams.","F-3","Enable search by keyword or date range"
"US-97","As a HUD admin, I want to view customer service notes, so that borrower interactions are visible to all teams.","F-4","Mask sensitive data per privacy rules"
"US-97","As a HUD admin, I want to view customer service notes, so that borrower interactions are visible to all teams.","F-5","Audit every note view"
"US-98","As a HUD admin, I want to view loan filing records, so that I can confirm regulatory filings are complete.","F-1","Add “Loan Filing” tab"
"US-98","As a HUD admin, I want to view loan filing records, so that I can confirm regulatory filings are complete.","F-2","Show filing type, jurisdiction, date, and status fields"
"US-98","As a HUD admin, I want to view loan filing records, so that I can confirm regulatory filings are complete.","F-3","Provide document download when filing PDF stored"
"US-98","As a HUD admin, I want to view loan filing records, so that I can confirm regulatory filings are complete.","F-4","Highlight overdue filings in red"
"US-98","As a HUD admin, I want to view loan filing records, so that I can confirm regulatory filings are complete.","F-5","Log view event for compliance"
"US-99","As a HUD admin, I want to view loan recording information, so that I can validate recorded instruments.","F-1","Insert “Recording” sub-tab under collateral section"
"US-99","As a HUD admin, I want to view loan recording information, so that I can validate recorded instruments.","F-2","List recording number, county, date recorded, instrument type"
"US-99","As a HUD admin, I want to view loan recording information, so that I can validate recorded instruments.","F-3","Link to recorded image file when available"
"US-99","As a HUD admin, I want to view loan recording information, so that I can validate recorded instruments.","F-4","Display “unrecorded” badge if missing data"
"US-99","As a HUD admin, I want to view loan recording information, so that I can validate recorded instruments.","F-5","Audit user access"
"US-100","As a HUD admin, I want to view borrower data, so that I can confirm participant identities and contact details.","F-1","Create “Borrowers” tab"
"US-100","As a HUD admin, I want to view borrower data, so that I can confirm participant identities and contact details.","F-2","Show grid of borrower names, roles, SSN masked, phone, email"
"US-100","As a HUD admin, I want to view borrower data, so that I can confirm participant identities and contact details.","F-3","Enable drill-down to borrower profile"
"US-100","As a HUD admin, I want to view borrower data, so that I can confirm participant identities and contact details.","F-4","Indicate primary borrower with icon"
"US-100","As a HUD admin, I want to view borrower data, so that I can confirm participant identities and contact details.","F-5","Log each borrower view"
"US-101","As a HUD admin, I want to view property inspection records, so that collateral condition is transparent.","F-1","Add “Property Inspection” tab"
"US-101","As a HUD admin, I want to view property inspection records, so that collateral condition is transparent.","F-2","List inspections with date, inspector, result, severity"
"US-101","As a HUD admin, I want to view property inspection records, so that collateral condition is transparent.","F-3","Provide link to photo set if stored"
"US-101","As a HUD admin, I want to view property inspection records, so that collateral condition is transparent.","F-4","Highlight failed inspections in red"
"US-101","As a HUD admin, I want to view property inspection records, so that collateral condition is transparent.","F-5","Record access in audit log"
"US-102","As a HUD admin, I want to add a property inspection, so that new inspection results are captured.","F-1","Display “Add Inspection” button on inspections tab"
"US-102","As a HUD admin, I want to add a property inspection, so that new inspection results are captured.","F-2","Provide form for date, inspector, outcome, notes, file upload"
"US-102","As a HUD admin, I want to add a property inspection, so that new inspection results are captured.","F-3","Validate required fields and file size limits"
"US-102","As a HUD admin, I want to add a property inspection, so that new inspection results are captured.","F-4","Save inspection and refresh list"
"US-102","As a HUD admin, I want to add a property inspection, so that new inspection results are captured.","F-5","Emit success notification"
"US-103","As a HUD admin, I want to view supporting documents, so that all loan files are easily accessible.","F-1","Provide “Documents” tab with searchable grid"
"US-103","As a HUD admin, I want to view supporting documents, so that all loan files are easily accessible.","F-2","Show document name, type, upload date, uploader"
"US-103","As a HUD admin, I want to view supporting documents, so that all loan files are easily accessible.","F-3","Allow secure download with permission check"
"US-103","As a HUD admin, I want to view supporting documents, so that all loan files are easily accessible.","F-4","Filter by document type"
"US-103","As a HUD admin, I want to view supporting documents, so that all loan files are easily accessible.","F-5","Log download events"
"US-104","As a HUD admin, I want to view internal notes, so that I can understand prior actions and decisions.","F-1","Add “Notes” tab"
"US-104","As a HUD admin, I want to view internal notes, so that I can understand prior actions and decisions.","F-2","Present chronological note list with author and timestamp"
"US-104","As a HUD admin, I want to view internal notes, so that I can understand prior actions and decisions.","F-3","Allow keyword search and date filter"
"US-104","As a HUD admin, I want to view internal notes, so that I can understand prior actions and decisions.","F-4","Display note details in modal"
"US-104","As a HUD admin, I want to view internal notes, so that I can understand prior actions and decisions.","F-5","Audit note access"
"US-105","As a HUD admin, I want to view property tax information, so that tax obligations are tracked.","F-1","Create “Property Taxes” tab"
"US-105","As a HUD admin, I want to view property tax information, so that tax obligations are tracked.","F-2","Display tax authority, amount, due date, payment status"
"US-105","As a HUD admin, I want to view property tax information, so that tax obligations are tracked.","F-3","Highlight delinquent taxes"
"US-105","As a HUD admin, I want to view property tax information, so that tax obligations are tracked.","F-4","Export tax data to CSV"
"US-105","As a HUD admin, I want to view property tax information, so that tax obligations are tracked.","F-5","Record page access"
"US-106","As a HUD admin, I want to view and add set-aside/escrow transactions, so that escrow balances remain accurate.","F-1","Add “Escrow Transactions” tab"
"US-106","As a HUD admin, I want to view and add set-aside/escrow transactions, so that escrow balances remain accurate.","F-2","List existing transactions with type and amount"
"US-106","As a HUD admin, I want to view and add set-aside/escrow transactions, so that escrow balances remain accurate.","F-3","Provide “Add Escrow Transaction” form with validation"
"US-106","As a HUD admin, I want to view and add set-aside/escrow transactions, so that escrow balances remain accurate.","F-4","Update escrow balance on save"
"US-106","As a HUD admin, I want to view and add set-aside/escrow transactions, so that escrow balances remain accurate.","F-5","Log add and view actions"
"US-107","As a HUD admin, I want to view loan summary, so that I see high-level loan metrics at a glance.","F-1","Display summary widget with principal, interest rate, maturity"
"US-107","As a HUD admin, I want to view loan summary, so that I see high-level loan metrics at a glance.","F-2","Show delinquency status and next due date"
"US-107","As a HUD admin, I want to view loan summary, so that I see high-level loan metrics at a glance.","F-3","Refresh summary data on loan switch"
"US-107","As a HUD admin, I want to view loan summary, so that I see high-level loan metrics at a glance.","F-4","Provide print-friendly summary view"
"US-107","As a HUD admin, I want to view loan summary, so that I see high-level loan metrics at a glance.","F-5","Audit each summary load"
"US-108","As a HUD admin, I want to edit loan summary, so that corrections or updates are reflected immediately.","F-1","Enable “Edit” button on summary widget"
"US-108","As a HUD admin, I want to edit loan summary, so that corrections or updates are reflected immediately.","F-2","Provide inline editable fields with validation rules"
"US-108","As a HUD admin, I want to edit loan summary, so that corrections or updates are reflected immediately.","F-3","Persist changes to database after save"
"US-108","As a HUD admin, I want to edit loan summary, so that corrections or updates are reflected immediately.","F-4","Show change confirmation message"
"US-108","As a HUD admin, I want to edit loan summary, so that corrections or updates are reflected immediately.","F-5","Write before/after values to change log"
"US-109","As a HUD admin, I want to edit loan detail, so that full loan attributes stay current.","F-1","Display “Edit Loan Detail” action"
"US-109","As a HUD admin, I want to edit loan detail, so that full loan attributes stay current.","F-2","Open form with term, rate, product, investor fields"
"US-109","As a HUD admin, I want to edit loan detail, so that full loan attributes stay current.","F-3","Validate numeric and date inputs"
"US-109","As a HUD admin, I want to edit loan detail, so that full loan attributes stay current.","F-4","Save changes and refresh detail view"
"US-109","As a HUD admin, I want to edit loan detail, so that full loan attributes stay current.","F-5","Record edit in audit history"
"US-110","As a HUD admin, I want to edit loan filing records, so that filing corrections can be made.","F-1","Provide “Edit Filing” button on filing tab"
"US-110","As a HUD admin, I want to edit loan filing records, so that filing corrections can be made.","F-2","Make fields editable: filing date, jurisdiction, status"
"US-110","As a HUD admin, I want to edit loan filing records, so that filing corrections can be made.","F-3","Require mandatory fields before save"
"US-110","As a HUD admin, I want to edit loan filing records, so that filing corrections can be made.","F-4","Persist updates and show success banner"
"US-110","As a HUD admin, I want to edit loan filing records, so that filing corrections can be made.","F-5","Log modification event"
"US-111","As a HUD admin, I want to edit loan recording data, so that recording details are accurate.","F-1","Add “Edit Recording” action"
"US-111","As a HUD admin, I want to edit loan recording data, so that recording details are accurate.","F-2","Open editable form with recording number, date, county"
"US-111","As a HUD admin, I want to edit loan recording data, so that recording details are accurate.","F-3","Validate format of recording number"
"US-111","As a HUD admin, I want to edit loan recording data, so that recording details are accurate.","F-4","Save and refresh recording list"
"US-111","As a HUD admin, I want to edit loan recording data, so that recording details are accurate.","F-5","Write update to audit log"
"US-112","As a HUD admin, I want to edit borrower information, so that borrower records stay up to date.","F-1","Provide “Edit Borrower” icon in borrower grid"
"US-112","As a HUD admin, I want to edit borrower information, so that borrower records stay up to date.","F-2","Allow update of address, contact, role, percent ownership"
"US-112","As a HUD admin, I want to edit borrower information, so that borrower records stay up to date.","F-3","Enforce SSN mask and validation"
"US-112","As a HUD admin, I want to edit borrower information, so that borrower records stay up to date.","F-4","Persist updates and refresh grid"
"US-112","As a HUD admin, I want to edit borrower information, so that borrower records stay up to date.","F-5","Log the change with old/new values"
"US-113","As a HUD admin, I want to view exception records, so that I can identify outstanding issues on the loan.","F-1","Add “Exceptions” tab"
"US-113","As a HUD admin, I want to view exception records, so that I can identify outstanding issues on the loan.","F-2","List exceptions with code, description, priority, status"
"US-113","As a HUD admin, I want to view exception records, so that I can identify outstanding issues on the loan.","F-3","Filter by open/closed status"
"US-113","As a HUD admin, I want to view exception records, so that I can identify outstanding issues on the loan.","F-4","Sort by priority descending default"
"US-113","As a HUD admin, I want to view exception records, so that I can identify outstanding issues on the loan.","F-5","Audit every exception view"
"US-114","As a HUD admin, I want to add a new exception, so that unresolved issues are formally tracked.","F-1","Display “Add Exception” button"
"US-114","As a HUD admin, I want to add a new exception, so that unresolved issues are formally tracked.","F-2","Provide form with code, description, due date, owner"
"US-114","As a HUD admin, I want to add a new exception, so that unresolved issues are formally tracked.","F-3","Validate required and date fields"
"US-114","As a HUD admin, I want to add a new exception, so that unresolved issues are formally tracked.","F-4","Save exception and refresh list"
"US-114","As a HUD admin, I want to add a new exception, so that unresolved issues are formally tracked.","F-5","Emit notification to assigned owner"
"US-115","As a HUD admin, I want to view mortgage release data, so that lien release processing is monitored.","F-1","Insert “Mortgage Release” tab"
"US-115","As a HUD admin, I want to view mortgage release data, so that lien release processing is monitored.","F-2","Show release request date, status, recorded number"
"US-115","As a HUD admin, I want to view mortgage release data, so that lien release processing is monitored.","F-3","Link to recorded release document"
"US-115","As a HUD admin, I want to view mortgage release data, so that lien release processing is monitored.","F-4","Highlight releases past due"
"US-115","As a HUD admin, I want to view mortgage release data, so that lien release processing is monitored.","F-5","Record view in audit"
"US-116","As a HUD admin, I want to view servicing activity, so that I can oversee all service actions on the loan.","F-1","Provide “Servicing” tab with activity timeline"
"US-116","As a HUD admin, I want to view servicing activity, so that I can oversee all service actions on the loan.","F-2","Display activity type, assigned user, start and end dates"
"US-116","As a HUD admin, I want to view servicing activity, so that I can oversee all service actions on the loan.","F-3","Filter by active/inactive status"
"US-116","As a HUD admin, I want to view servicing activity, so that I can oversee all service actions on the loan.","F-4","Export servicing list to Excel"
"US-116","As a HUD admin, I want to view servicing activity, so that I can oversee all service actions on the loan.","F-5","Log servicing tab access"
"US-117","As a HUD admin, I want to view foreclosure information, so that foreclosure status is transparent.","F-1","Create “Foreclosure” tab"
"US-117","As a HUD admin, I want to view foreclosure information, so that foreclosure status is transparent.","F-2","Show stage, attorney, sale date, amount due"
"US-117","As a HUD admin, I want to view foreclosure information, so that foreclosure status is transparent.","F-3","Indicate milestones completed with checkmarks"
"US-117","As a HUD admin, I want to view foreclosure information, so that foreclosure status is transparent.","F-4","Provide document links for legal filings"
"US-117","As a HUD admin, I want to view foreclosure information, so that foreclosure status is transparent.","F-5","Audit view event"
"US-118","As a HUD admin, I want to view bankruptcy information, so that I can track court proceedings impacting the loan.","F-1","Add “Bankruptcy” tab"
"US-118","As a HUD admin, I want to view bankruptcy information, so that I can track court proceedings impacting the loan.","F-2","Display chapter, filing date, status, case number"
"US-118","As a HUD admin, I want to view bankruptcy information, so that I can track court proceedings impacting the loan.","F-3","Flag active bankruptcies in red"
"US-118","As a HUD admin, I want to view bankruptcy information, so that I can track court proceedings impacting the loan.","F-4","Link to PACER docket PDF when stored"
"US-118","As a HUD admin, I want to view bankruptcy information, so that I can track court proceedings impacting the loan.","F-5","Log access for compliance"
"US-119","As a HUD admin, I want to view ACH information, so that payment routing details are verified.","F-1","Provide “ACH Info” section on loan detail"
"US-119","As a HUD admin, I want to view ACH information, so that payment routing details are verified.","F-2","Show bank name, account masked, routing number, status"
"US-119","As a HUD admin, I want to view ACH information, so that payment routing details are verified.","F-3","Validate routing number format on display"
"US-119","As a HUD admin, I want to view ACH information, so that payment routing details are verified.","F-4","Indicate ACH active/inactive with badge"
"US-119","As a HUD admin, I want to view ACH information, so that payment routing details are verified.","F-5","Record view in audit"
"US-120","As a HUD admin, I want to view all loan transactions, so that I can audit financial activity.","F-1","Add “Transactions” tab with paginated grid"
"US-120","As a HUD admin, I want to view all loan transactions, so that I can audit financial activity.","F-2","Display type, amount, effective date, reference number"
"US-120","As a HUD admin, I want to view all loan transactions, so that I can audit financial activity.","F-3","Support sort and multi-column filter"
"US-120","As a HUD admin, I want to view all loan transactions, so that I can audit financial activity.","F-4","Export selected transactions to CSV"
"US-120","As a HUD admin, I want to view all loan transactions, so that I can audit financial activity.","F-5","Log export and view events"
"US-121","As a HUD admin, I want to add a transaction requiring check information, so that physical check payments are recorded correctly.","F-1","Provide “Check Payment” option in Add Transaction form"
"US-121","As a HUD admin, I want to add a transaction requiring check information, so that physical check payments are recorded correctly.","F-2","Require check number, bank name, routing, account fields"
"US-121","As a HUD admin, I want to add a transaction requiring check information, so that physical check payments are recorded correctly.","F-3","Validate numeric formats pre-save"
"US-121","As a HUD admin, I want to add a transaction requiring check information, so that physical check payments are recorded correctly.","F-4","Persist transaction with check metadata"
"US-121","As a HUD admin, I want to add a transaction requiring check information, so that physical check payments are recorded correctly.","F-5","Confirm save with success banner"
"US-122","As a HUD admin, I want to add a CTB (Change to Balance) transaction, so that balance adjustments are documented.","F-1","Include CTB type in transaction type dropdown"
"US-122","As a HUD admin, I want to add a CTB (Change to Balance) transaction, so that balance adjustments are documented.","F-2","Require adjustment amount and reason"
"US-122","As a HUD admin, I want to add a CTB (Change to Balance) transaction, so that balance adjustments are documented.","F-3","Prevent negative balance via validation"
"US-122","As a HUD admin, I want to add a CTB (Change to Balance) transaction, so that balance adjustments are documented.","F-4","Save CTB transaction and update loan balance"
"US-122","As a HUD admin, I want to add a CTB (Change to Balance) transaction, so that balance adjustments are documented.","F-5","Write CTB entry to audit trail"
"US-123","As a HUD admin, I want to add a transaction after a CTB submission, so that subsequent related activity is linked properly.","F-1","Detect last CTB transaction and suggest linkage"
"US-123","As a HUD admin, I want to add a transaction after a CTB submission, so that subsequent related activity is linked properly.","F-2","Pre-fill reference field with CTB ID"
"US-123","As a HUD admin, I want to add a transaction after a CTB submission, so that subsequent related activity is linked properly.","F-3","Validate linkage before save"
"US-123","As a HUD admin, I want to add a transaction after a CTB submission, so that subsequent related activity is linked properly.","F-4","Persist new transaction and update history"
"US-123","As a HUD admin, I want to add a transaction after a CTB submission, so that subsequent related activity is linked properly.","F-5","Display confirmation with linked CTB reference"
"US-124","As a HUD admin, I want to add an annual certification compliance transaction, so that certification fees are tracked.","F-1","Provide “Annual Certification” in transaction type list"
"US-124","As a HUD admin, I want to add an annual certification compliance transaction, so that certification fees are tracked.","F-2","Require certification year and amount"
"US-124","As a HUD admin, I want to add an annual certification compliance transaction, so that certification fees are tracked.","F-3","Validate year is current or prior"
"US-124","As a HUD admin, I want to add an annual certification compliance transaction, so that certification fees are tracked.","F-4","Save transaction and tag compliance flag"
"US-124","As a HUD admin, I want to add an annual certification compliance transaction, so that certification fees are tracked.","F-5","Log addition in audit"
"US-125","As a HUD admin, I want to clear a disbursement, so that reconciled payouts are marked complete.","F-1","Add “Clear” action on disbursement row"
"US-125","As a HUD admin, I want to clear a disbursement, so that reconciled payouts are marked complete.","F-2","Prompt confirmation modal before clearing"
"US-125","As a HUD admin, I want to clear a disbursement, so that reconciled payouts are marked complete.","F-3","Update disbursement status to Cleared in DB"
"US-125","As a HUD admin, I want to clear a disbursement, so that reconciled payouts are marked complete.","F-4","Refresh totals to exclude cleared item"
"US-125","As a HUD admin, I want to clear a disbursement, so that reconciled payouts are marked complete.","F-5","Record clear action with user and timestamp"
"US-126","As a HUD admin, I want to partially void a disbursement, so that only unused funds are reversed.","F-1","Provide “Partial Void” option on disbursement actions"
"US-126","As a HUD admin, I want to partially void a disbursement, so that only unused funds are reversed.","F-2","Require input of void amount ≤ original"
"US-126","As a HUD admin, I want to partially void a disbursement, so that only unused funds are reversed.","F-3","Recalculate remaining disbursed amount upon save"
"US-126","As a HUD admin, I want to partially void a disbursement, so that only unused funds are reversed.","F-4","Show adjustment line in disbursement history"
"US-126","As a HUD admin, I want to partially void a disbursement, so that only unused funds are reversed.","F-5","Audit partial void event"
"US-127","As a HUD admin, I want to partially clear a disbursement, so that partial payments are correctly reflected.","F-1","Offer “Partial Clear” action with amount entry"
"US-127","As a HUD admin, I want to partially clear a disbursement, so that partial payments are correctly reflected.","F-2","Validate amount ≤ outstanding balance"
"US-127","As a HUD admin, I want to partially clear a disbursement, so that partial payments are correctly reflected.","F-3","Update cleared amount and remaining balance fields"
"US-127","As a HUD admin, I want to partially clear a disbursement, so that partial payments are correctly reflected.","F-4","Display partial clear in history table"
"US-127","As a HUD admin, I want to partially clear a disbursement, so that partial payments are correctly reflected.","F-5","Log action for compliance"
"US-128","As a HUD admin, I want to add a payoff request, so that payoff processing is initiated and tracked.","F-1","Add “New Payoff Request” button on Payoff tab"
"US-128","As a HUD admin, I want to add a payoff request, so that payoff processing is initiated and tracked.","F-2","Collect requested good-through date and requestor info"
"US-128","As a HUD admin, I want to add a payoff request, so that payoff processing is initiated and tracked.","F-3","Generate unique payoff request ID"
"US-128","As a HUD admin, I want to add a payoff request, so that payoff processing is initiated and tracked.","F-4","Save request with status “Pending”"
"US-128","As a HUD admin, I want to add a payoff request, so that payoff processing is initiated and tracked.","F-5","Notify servicing queue of new request"
"US-129","As a HUD admin, I want to print a payoff letter, so that borrowers receive official payoff amounts.","F-1","Provide “Print Payoff Letter” action for approved requests"
"US-129","As a HUD admin, I want to print a payoff letter, so that borrowers receive official payoff amounts.","F-2","Generate letter PDF with current payoff figures"
"US-129","As a HUD admin, I want to print a payoff letter, so that borrowers receive official payoff amounts.","F-3","Render preview before printing"
"US-129","As a HUD admin, I want to print a payoff letter, so that borrowers receive official payoff amounts.","F-4","Log letter generation date and user"
"US-129","As a HUD admin, I want to print a payoff letter, so that borrowers receive official payoff amounts.","F-5","Attach letter to loan documents automatically"
"US-130","As a HUD admin, I want to submit payoff payment information, so that payoff completion is recorded.","F-1","Add “Submit Payoff Payment” form capturing payment type, amount, date"
"US-130","As a HUD admin, I want to submit payoff payment information, so that payoff completion is recorded.","F-2","Validate payment equals payoff amount"
"US-130","As a HUD admin, I want to submit payoff payment information, so that payoff completion is recorded.","F-3","Change payoff request status to “Paid” on save"
"US-130","As a HUD admin, I want to submit payoff payment information, so that payoff completion is recorded.","F-4","Trigger mortgage release workflow"
"US-130","As a HUD admin, I want to submit payoff payment information, so that payoff completion is recorded.","F-5","Record payment submission in audit log"
"US-131","As a HUD admin, I want a document workflow dashboard, so that document statuses are centrally managed.","F-1","Display list of documents with current workflow stage"
"US-131","As a HUD admin, I want a document workflow dashboard, so that document statuses are centrally managed.","F-2","Provide actions: approve, reject, request changes"
"US-131","As a HUD admin, I want a document workflow dashboard, so that document statuses are centrally managed.","F-3","Highlight overdue workflow tasks"
"US-131","As a HUD admin, I want a document workflow dashboard, so that document statuses are centrally managed.","F-4","Filter by stage, owner, date"
"US-131","As a HUD admin, I want a document workflow dashboard, so that document statuses are centrally managed.","F-5","Log every status change"
"US-132","As a HUD admin, I want to monitor the NCF queue, so that pending document packages are processed timely.","F-1","Show NCF queue count on dashboard"
"US-132","As a HUD admin, I want to monitor the NCF queue, so that pending document packages are processed timely.","F-2","List queued items with submitter, date, priority"
"US-132","As a HUD admin, I want to monitor the NCF queue, so that pending document packages are processed timely.","F-3","Allow claim of queue item for processing"
"US-132","As a HUD admin, I want to monitor the NCF queue, so that pending document packages are processed timely.","F-4","Refresh queue list every 60 seconds"
"US-132","As a HUD admin, I want to monitor the NCF queue, so that pending document packages are processed timely.","F-5","Audit claim and completion actions"
"US-133","As a HUD admin, I want a Borrower-specific new document wizard, so that borrower documents are added consistently.","F-1","Launch wizard from Borrowers tab"
"US-133","As a HUD admin, I want a Borrower-specific new document wizard, so that borrower documents are added consistently.","F-2","Step 1: select document type template"
"US-133","As a HUD admin, I want a Borrower-specific new document wizard, so that borrower documents are added consistently.","F-3","Step 2: upload file and capture description"
"US-133","As a HUD admin, I want a Borrower-specific new document wizard, so that borrower documents are added consistently.","F-4","Validate file size and type before submit"
"US-133","As a HUD admin, I want a Borrower-specific new document wizard, so that borrower documents are added consistently.","F-5","Save doc and link to borrower record"
"US-134","As a HUD admin, I want a general new document wizard, so that any loan document can be uploaded with guidance.","F-1","Provide wizard accessible from Documents tab"
"US-134","As a HUD admin, I want a general new document wizard, so that any loan document can be uploaded with guidance.","F-2","Guide user through type selection, metadata entry, upload"
"US-134","As a HUD admin, I want a general new document wizard, so that any loan document can be uploaded with guidance.","F-3","Enforce mandatory metadata fields"
"US-134","As a HUD admin, I want a general new document wizard, so that any loan document can be uploaded with guidance.","F-4","Display progress bar during upload"
"US-134","As a HUD admin, I want a general new document wizard, so that any loan document can be uploaded with guidance.","F-5","Confirm completion with document ID"
"US-135","As a HUD admin, I want to use a servicing search screen, so that I can locate servicing activities quickly.","F-1","Provide global servicing search field with auto-complete"
"US-135","As a HUD admin, I want to use a servicing search screen, so that I can locate servicing activities quickly.","F-2","Support filters: loan number, activity type, date range"
"US-135","As a HUD admin, I want to use a servicing search screen, so that I can locate servicing activities quickly.","F-3","Show results grid with clickable activity links"
"US-135","As a HUD admin, I want to use a servicing search screen, so that I can locate servicing activities quickly.","F-4","Remember last search criteria per session"
"US-135","As a HUD admin, I want to use a servicing search screen, so that I can locate servicing activities quickly.","F-5","Log each search query"
"US-136","As a HUD admin, I want servicing search action buttons, so that I can act on results without extra navigation.","F-1","Add buttons: View, Edit, Inactivate next to each result"
"US-136","As a HUD admin, I want servicing search action buttons, so that I can act on results without extra navigation.","F-2","Enable/disable buttons based on user permissions"
"US-136","As a HUD admin, I want servicing search action buttons, so that I can act on results without extra navigation.","F-3","Trigger respective screens on click"
"US-136","As a HUD admin, I want servicing search action buttons, so that I can act on results without extra navigation.","F-4","Show tooltip descriptions for each button"
"US-136","As a HUD admin, I want servicing search action buttons, so that I can act on results without extra navigation.","F-5","Record button usage in audit log"
"US-137","As a HUD admin, I want to add a new servicing activity, so that additional service tasks are tracked.","F-1","Provide “Add Activity” button on Servicing tab"
"US-137","As a HUD admin, I want to add a new servicing activity, so that additional service tasks are tracked.","F-2","Capture activity type, start date, assigned user"
"US-137","As a HUD admin, I want to add a new servicing activity, so that additional service tasks are tracked.","F-3","Default status to Active"
"US-137","As a HUD admin, I want to add a new servicing activity, so that additional service tasks are tracked.","F-4","Save activity and refresh timeline"
"US-137","As a HUD admin, I want to add a new servicing activity, so that additional service tasks are tracked.","F-5","Notify assigned user via email"
"US-138","As a HUD admin, I want to add a new servicing step, so that detailed task progress is documented.","F-1","Offer “Add Step” within activity view"
"US-138","As a HUD admin, I want to add a new servicing step, so that detailed task progress is documented.","F-2","Require step description, due date, owner"
"US-138","As a HUD admin, I want to add a new servicing step, so that detailed task progress is documented.","F-3","Save step under parent activity"
"US-138","As a HUD admin, I want to add a new servicing step, so that detailed task progress is documented.","F-4","Display step in chronological list"
"US-138","As a HUD admin, I want to add a new servicing step, so that detailed task progress is documented.","F-5","Log creation event"
"US-139","As a HUD admin, I want to edit a servicing step, so that corrections can be made to task details.","F-1","Provide “Edit” icon on each step row"
"US-139","As a HUD admin, I want to edit a servicing step, so that corrections can be made to task details.","F-2","Allow update of description, due date, owner, status"
"US-139","As a HUD admin, I want to edit a servicing step, so that corrections can be made to task details.","F-3","Validate dates and required fields"
"US-139","As a HUD admin, I want to edit a servicing step, so that corrections can be made to task details.","F-4","Persist changes and refresh list"
"US-139","As a HUD admin, I want to edit a servicing step, so that corrections can be made to task details.","F-5","Audit before/after values"
"US-140","As a HUD admin, I want to inactivate a servicing step, so that obsolete tasks are hidden but retained historically.","F-1","Offer “Inactivate” action with confirmation modal"
"US-140","As a HUD admin, I want to inactivate a servicing step, so that obsolete tasks are hidden but retained historically.","F-2","Change step status to Inactive in DB"
"US-140","As a HUD admin, I want to inactivate a servicing step, so that obsolete tasks are hidden but retained historically.","F-3","Hide inactive steps by default; show when filter toggled"
"US-140","As a HUD admin, I want to inactivate a servicing step, so that obsolete tasks are hidden but retained historically.","F-4","Reflect change in parent activity progress bar"
"US-140","As a HUD admin, I want to inactivate a servicing step, so that obsolete tasks are hidden but retained historically.","F-5","Log inactivation timestamp and user"
"US-141","As a HUD admin, I want a bankruptcy search screen, so that I locate bankruptcy cases efficiently.","F-1","Provide search fields: case number, borrower name, loan #"
"US-141","As a HUD admin, I want a bankruptcy search screen, so that I locate bankruptcy cases efficiently.","F-2","Include date-range and chapter dropdown filters"
"US-141","As a HUD admin, I want a bankruptcy search screen, so that I locate bankruptcy cases efficiently.","F-3","Display results grid with case status"
"US-141","As a HUD admin, I want a bankruptcy search screen, so that I locate bankruptcy cases efficiently.","F-4","Allow export of result set"
"US-141","As a HUD admin, I want a bankruptcy search screen, so that I locate bankruptcy cases efficiently.","F-5","Record search parameters in audit"
"US-142","As a HUD admin, I want quick-action buttons on bankruptcy search results, so that I can open or edit cases instantly.","F-1","Add “View Case” and “Edit Case” buttons per row"
"US-142","As a HUD admin, I want quick-action buttons on bankruptcy search results, so that I can open or edit cases instantly.","F-2","Check user permissions before enabling buttons"
"US-142","As a HUD admin, I want quick-action buttons on bankruptcy search results, so that I can open or edit cases instantly.","F-3","Navigate to corresponding case screen on click"
"US-142","As a HUD admin, I want quick-action buttons on bankruptcy search results, so that I can open or edit cases instantly.","F-4","Display hover tooltip with description"
"US-142","As a HUD admin, I want quick-action buttons on bankruptcy search results, so that I can open or edit cases instantly.","F-5","Audit button usage"
"US-143","As a HUD admin, I want to add a new bankruptcy activity, so that bankruptcy events are accurately tracked.","F-1","Provide “Add Bankruptcy Activity” button on Bankruptcy tab"
"US-143","As a HUD admin, I want to add a new bankruptcy activity, so that bankruptcy events are accurately tracked.","F-2","Capture chapter, filing date, court, attorney"
"US-143","As a HUD admin, I want to add a new bankruptcy activity, so that bankruptcy events are accurately tracked.","F-3","Set initial status to Active"
"US-143","As a HUD admin, I want to add a new bankruptcy activity, so that bankruptcy events are accurately tracked.","F-4","Save activity and refresh activity list"
"US-143","As a HUD admin, I want to add a new bankruptcy activity, so that bankruptcy events are accurately tracked.","F-5","Notify bankruptcy specialist via email"
"US-144","As a HUD admin, I want to add a new bankruptcy step, so that sub-tasks within a bankruptcy activity are managed.","F-1","Offer “Add Step” option within activity view"
"US-144","As a HUD admin, I want to add a new bankruptcy step, so that sub-tasks within a bankruptcy activity are managed.","F-2","Require step description, due date, owner"
"US-144","As a HUD admin, I want to add a new bankruptcy step, so that sub-tasks within a bankruptcy activity are managed.","F-3","Validate fields and save under parent activity"
"US-144","As a HUD admin, I want to add a new bankruptcy step, so that sub-tasks within a bankruptcy activity are managed.","F-4","Display new step in order of due date"
"US-144","As a HUD admin, I want to add a new bankruptcy step, so that sub-tasks within a bankruptcy activity are managed.","F-5","Audit creation event"
"US-145","As a HUD admin, I want servicing management dashboards, so that I oversee demand tracking and payoff requests centrally.","F-1","Display separate tabs for Demand Tracking and Payoff Request"
"US-145","As a HUD admin, I want servicing management dashboards, so that I oversee demand tracking and payoff requests centrally.","F-2","Show counts of active vs inactive activities"
"US-145","As a HUD admin, I want servicing management dashboards, so that I oversee demand tracking and payoff requests centrally.","F-3","Provide quick filters and column sorting"
"US-145","As a HUD admin, I want servicing management dashboards, so that I oversee demand tracking and payoff requests centrally.","F-4","Color-code activities by aging thresholds"
"US-145","As a HUD admin, I want servicing management dashboards, so that I oversee demand tracking and payoff requests centrally.","F-5","Log dashboard access"
"US-146","As a HUD admin, I want bankruptcy management dashboards, so that I monitor all bankruptcy activities in one place.","F-1","List active and inactive bankruptcy activities with status badges"
"US-146","As a HUD admin, I want bankruptcy management dashboards, so that I monitor all bankruptcy activities in one place.","F-2","Provide filters by chapter, attorney, aging"
"US-146","As a HUD admin, I want bankruptcy management dashboards, so that I monitor all bankruptcy activities in one place.","F-3","Enable bulk export to Excel"
"US-146","As a HUD admin, I want bankruptcy management dashboards, so that I monitor all bankruptcy activities in one place.","F-4","Highlight activities missing next step"
"US-146","As a HUD admin, I want bankruptcy management dashboards, so that I monitor all bankruptcy activities in one place.","F-5","Record dashboard access in audit log"
"US-147","As a SMART user, I want to reach the SMART landing page in a browser, so that I can begin the login process.","F-1","Render landing page at https://smart.hudnsc.org over HTTPS."
"US-147","As a SMART user, I want to reach the SMART landing page in a browser, so that I can begin the login process.","F-2","Display input fields for User Name and Password."
"US-147","As a SMART user, I want to reach the SMART landing page in a browser, so that I can begin the login process.","F-3","Show unauthorized-access warning banner on page load."
"US-148","As a SMART user, I want to log in with my user name and password, so that I can access SMART functions.","F-1","Validate entered credentials against user store."
"US-148","As a SMART user, I want to log in with my user name and password, so that I can access SMART functions.","F-2","Redirect authenticated user to MFA setup or home page."
"US-148","As a SMART user, I want to log in with my user name and password, so that I can access SMART functions.","F-3","Lock account after 5 consecutive failed login attempts."
"US-149","As a SMART user, I want to complete multi-factor authentication on first login, so that my account is secured.","F-1","Trigger MFA setup pop-up immediately after initial credential login."
"US-149","As a SMART user, I want to complete multi-factor authentication on first login, so that my account is secured.","F-2","Support delivery of one-time code via configured MFA method."
"US-149","As a SMART user, I want to complete multi-factor authentication on first login, so that my account is secured.","F-3","Grant access only after correct one-time code is confirmed."
"US-150","As an administrator, I want SMART to support desktop resolutions of 1920×1080 or higher, so that users have an optimal view.","F-1","Detect client resolution on page load."
"US-150","As an administrator, I want SMART to support desktop resolutions of 1920×1080 or higher, so that users have an optimal view.","F-2","Display warning banner when resolution <1920×1080."
"US-150","As an administrator, I want SMART to support desktop resolutions of 1920×1080 or higher, so that users have an optimal view.","F-3","Allow login only after user acknowledges the warning."
"US-151","As an administrator, I want to block devices with screens 760 px wide or less, so that unsupported mobiles cannot access SMART.","F-1","Read client viewport width during session initiation."
"US-151","As an administrator, I want to block devices with screens 760 px wide or less, so that unsupported mobiles cannot access SMART.","F-2","Redirect widths ≤760 px to an “unsupported device” page."
"US-151","As an administrator, I want to block devices with screens 760 px wide or less, so that unsupported mobiles cannot access SMART.","F-3","Log each blocked attempt with device details."
"US-152","As a SMART user, I want to access SMART from IE, Chrome, or Firefox browsers, so that I can use my preferred browser.","F-1","Verify browser user-agent against approved list on login."
"US-152","As a SMART user, I want to access SMART from IE, Chrome, or Firefox browsers, so that I can use my preferred browser.","F-2","Display incompatibility message for unapproved browsers."
"US-152","As a SMART user, I want to access SMART from IE, Chrome, or Firefox browsers, so that I can use my preferred browser.","F-3","Maintain analytics of browser usage in system log."
"US-153","As a lender, I want to query and review detailed loan information, so that I can assess individual loans.","F-1","Provide search fields for loan number, borrower, and status."
"US-153","As a lender, I want to query and review detailed loan information, so that I can assess individual loans.","F-2","Return data grid with sortable loan attributes."
"US-153","As a lender, I want to query and review detailed loan information, so that I can assess individual loans.","F-3","Open loan detail view on row selection."
"US-154","As a lender, I want to add a new loan record, so that new mortgages are captured in SMART.","F-1","Display “Add Loan” form with mandatory validation."
"US-154","As a lender, I want to add a new loan record, so that new mortgages are captured in SMART.","F-2","Persist new loan to database upon save."
"US-154","As a lender, I want to add a new loan record, so that new mortgages are captured in SMART.","F-3","Show success confirmation with new loan ID."
"US-155","As a lender, I want to edit existing loan information, so that loan records stay accurate.","F-1","Enable “Edit” mode from loan detail screen."
"US-155","As a lender, I want to edit existing loan information, so that loan records stay accurate.","F-2","Track field-level changes in audit log."
"US-155","As a lender, I want to edit existing loan information, so that loan records stay accurate.","F-3","Save updates after passing validation rules."
"US-156","As a servicing specialist, I want to assign a servicing template to a loan, so that standard servicing steps are scheduled.","F-1","List available templates in drop-down selector."
"US-156","As a servicing specialist, I want to assign a servicing template to a loan, so that standard servicing steps are scheduled.","F-2","Apply selected template to chosen loan on confirmation."
"US-156","As a servicing specialist, I want to assign a servicing template to a loan, so that standard servicing steps are scheduled.","F-3","Record assignment date and user in history log."
"US-157","As a servicing specialist, I want to track the status of each servicing template, so that I know current progress.","F-1","Display template step list with status icons."
"US-157","As a servicing specialist, I want to track the status of each servicing template, so that I know current progress.","F-2","Auto-update status when a step is completed."
"US-157","As a servicing specialist, I want to track the status of each servicing template, so that I know current progress.","F-3","Allow filtering by completed, pending, overdue."
"US-158","As a servicing specialist, I want to generate servicing forms and letters, so that required borrower communications are produced.","F-1","Provide “Generate Forms” button on servicing view."
"US-158","As a servicing specialist, I want to generate servicing forms and letters, so that required borrower communications are produced.","F-2","Merge loan data into pre-defined document templates."
"US-158","As a servicing specialist, I want to generate servicing forms and letters, so that required borrower communications are produced.","F-3","Offer download in PDF format after generation."
"US-159","As a bankruptcy specialist, I want to add and maintain bankruptcy information for a loan, so that legal statuses are recorded.","F-1","Present bankruptcy data entry form with chapter selection."
"US-159","As a bankruptcy specialist, I want to add and maintain bankruptcy information for a loan, so that legal statuses are recorded.","F-2","Save new bankruptcy record tied to loan ID."
"US-159","As a bankruptcy specialist, I want to add and maintain bankruptcy information for a loan, so that legal statuses are recorded.","F-3","Display confirmation and update loan status to “Bankruptcy”."
"US-160","As a bankruptcy specialist, I want to track bankruptcy progress, so that court deadlines are met.","F-1","Show bankruptcy timeline with upcoming milestones."
"US-160","As a bankruptcy specialist, I want to track bankruptcy progress, so that court deadlines are met.","F-2","Highlight overdue tasks in red."
"US-160","As a bankruptcy specialist, I want to track bankruptcy progress, so that court deadlines are met.","F-3","Send email alerts seven days before each milestone."
"US-161","As a bankruptcy specialist, I want to edit bankruptcy records, so that changes are reflected accurately.","F-1","Enable inline editing of bankruptcy fields."
"US-161","As a bankruptcy specialist, I want to edit bankruptcy records, so that changes are reflected accurately.","F-2","Validate edits against business rules before save."
"US-161","As a bankruptcy specialist, I want to edit bankruptcy records, so that changes are reflected accurately.","F-3","Log old and new values in audit trail."
"US-162","As a foreclosure specialist, I want to view a timeline of required foreclosure steps, so that I can plan actions.","F-1","Render chronological step view with due dates."
"US-162","As a foreclosure specialist, I want to view a timeline of required foreclosure steps, so that I can plan actions.","F-2","Collapse or expand step groups."
"US-162","As a foreclosure specialist, I want to view a timeline of required foreclosure steps, so that I can plan actions.","F-3","Provide quick link from each step to related documents."
"US-163","As a foreclosure specialist, I want to track scheduled versus completed foreclosure activity, so that compliance is monitored.","F-1","Update step status when completion date is entered."
"US-163","As a foreclosure specialist, I want to track scheduled versus completed foreclosure activity, so that compliance is monitored.","F-2","Calculate days variance between scheduled and actual."
"US-163","As a foreclosure specialist, I want to track scheduled versus completed foreclosure activity, so that compliance is monitored.","F-3","Export activity report to Excel."
"US-164","As a release specialist, I want to initiate the loan release process for satisfied loans, so that liens can be released.","F-1","Offer “Initiate Release” button when payoff flag is true."
"US-164","As a release specialist, I want to initiate the loan release process for satisfied loans, so that liens can be released.","F-2","Create initial release record with status “Open”."
"US-164","As a release specialist, I want to initiate the loan release process for satisfied loans, so that liens can be released.","F-3","Notify assigned user via email of new release request."
"US-165","As a release specialist, I want to track mortgage release status, so that progress is visible to stakeholders.","F-1","Display status column on release dashboard."
"US-165","As a release specialist, I want to track mortgage release status, so that progress is visible to stakeholders.","F-2","Update status automatically when required documents are uploaded."
"US-165","As a release specialist, I want to track mortgage release status, so that progress is visible to stakeholders.","F-3","Allow filtering by status (Open, Pending, Complete)."
"US-166","As a release specialist, I want to generate mortgage release forms and letters, so that proper documentation is available.","F-1","Provide “Generate Release Docs” action within release record."
"US-166","As a release specialist, I want to generate mortgage release forms and letters, so that proper documentation is available.","F-2","Populate borrower and property data into templates."
"US-166","As a release specialist, I want to generate mortgage release forms and letters, so that proper documentation is available.","F-3","Save generated documents to loan’s document repository."
"US-167","As a cash manager, I want to track incoming payments from Pay.Gov, so that receipts are reconciled.","F-1","Import Pay.Gov transactions nightly via API."
"US-167","As a cash manager, I want to track incoming payments from Pay.Gov, so that receipts are reconciled.","F-2","Display unmatched payments on dashboard."
"US-167","As a cash manager, I want to track incoming payments from Pay.Gov, so that receipts are reconciled.","F-3","Reconcile payment once matched to loan."
"US-168","As a cash manager, I want to manage incoming payments, so that funds are correctly allocated.","F-1","Allow manual adjustment of payment amount or allocation."
"US-168","As a cash manager, I want to manage incoming payments, so that funds are correctly allocated.","F-2","Post adjusted payments to general ledger."
"US-168","As a cash manager, I want to manage incoming payments, so that funds are correctly allocated.","F-3","Generate receipt confirmation for borrower."
"US-169","As a cash manager, I want to submit disbursement checks, so that funds are paid out appropriately.","F-1","Provide form to enter payee, amount, and reason."
"US-169","As a cash manager, I want to submit disbursement checks, so that funds are paid out appropriately.","F-2","Queue check in “Pending Treasury” status on save."
"US-169","As a cash manager, I want to submit disbursement checks, so that funds are paid out appropriately.","F-3","Mark check as “Submitted” when exported to batch file."
"US-170","As a cash manager, I want to search for transactions, so that I can audit financial activity.","F-1","Offer search filters for loan, date range, amount, and type."
"US-170","As a cash manager, I want to search for transactions, so that I can audit financial activity.","F-2","Return paginated results with export to CSV."
"US-170","As a cash manager, I want to search for transactions, so that I can audit financial activity.","F-3","Persist last used search criteria in user session."
"US-171","As an accountant, I want to review TROR and Trial Balance reports, so that accounts are reconciled.","F-1","Generate TROR report for selected fiscal period."
"US-171","As an accountant, I want to review TROR and Trial Balance reports, so that accounts are reconciled.","F-2","Generate Trial Balance with drill-down to transaction level."
"US-171","As an accountant, I want to review TROR and Trial Balance reports, so that accounts are reconciled.","F-3","Allow export to PDF and Excel formats."
"US-172","As a customer service agent, I want to create a ticket, so that borrower issues are logged.","F-1","Display “New Ticket” modal with required fields."
"US-172","As a customer service agent, I want to create a ticket, so that borrower issues are logged.","F-2","Persist ticket with unique reference number."
"US-172","As a customer service agent, I want to create a ticket, so that borrower issues are logged.","F-3","Send confirmation email to agent and borrower."
"US-173","As a customer service agent, I want to view a ticket, so that I can see its details and history.","F-1","Show ticket header, description, status, and priority."
"US-173","As a customer service agent, I want to view a ticket, so that I can see its details and history.","F-2","List associated call logs and actions chronologically."
"US-173","As a customer service agent, I want to view a ticket, so that I can see its details and history.","F-3","Provide breadcrumb navigation back to ticket list."
"US-174","As a customer service agent, I want to edit or update a ticket, so that information remains current.","F-1","Enable editing of status, owner, and description fields."
"US-174","As a customer service agent, I want to edit or update a ticket, so that information remains current.","F-2","Record each update in ticket history with time stamp."
"US-174","As a customer service agent, I want to edit or update a ticket, so that information remains current.","F-3","Restrict edits to users with “Ticket Edit” role."
"US-175","As a customer service agent, I want to create a call log for a ticket, so that communications are documented.","F-1","Provide “Add Call Log” form with date/time and notes."
"US-175","As a customer service agent, I want to create a call log for a ticket, so that communications are documented.","F-2","Attach call log to selected ticket on save."
"US-175","As a customer service agent, I want to create a call log for a ticket, so that communications are documented.","F-3","Display call log in ticket timeline."
"US-176","As a customer service agent, I want to edit an existing call log, so that corrections can be made.","F-1","Allow inline editing of call log text."
"US-176","As a customer service agent, I want to edit an existing call log, so that corrections can be made.","F-2","Save changes with versioning retained."
"US-176","As a customer service agent, I want to edit an existing call log, so that corrections can be made.","F-3","Disable editing after ticket is closed."
"US-177","As a customer service agent, I want to create a ticket action, so that follow-up tasks are assigned.","F-1","Present action form with due date and assignee."
"US-177","As a customer service agent, I want to create a ticket action, so that follow-up tasks are assigned.","F-2","Add action to ticket with status “Open”."
"US-177","As a customer service agent, I want to create a ticket action, so that follow-up tasks are assigned.","F-3","Send task notification to assignee upon creation."
"US-178","As a customer service agent, I want to edit a ticket action, so that task progress is updated.","F-1","Allow status change (Open, In-Progress, Done)."
"US-178","As a customer service agent, I want to edit a ticket action, so that task progress is updated.","F-2","Capture completion date automatically when status set to Done."
"US-178","As a customer service agent, I want to edit a ticket action, so that task progress is updated.","F-3","Log edits in action history."
"US-179","As an administrator, I want to manage user accounts, so that the right people have system access.","F-1","List all active and inactive user profiles."
"US-179","As an administrator, I want to manage user accounts, so that the right people have system access.","F-2","Enable add, edit, deactivate, and reactivate functions."
"US-179","As an administrator, I want to manage user accounts, so that the right people have system access.","F-3","Audit each change with admin ID and timestamp."
"US-180","As an administrator, I want to reset user passwords, so that locked or forgotten accounts can be restored quickly.","F-1","Provide “Reset Password” option on user profile."
"US-180","As an administrator, I want to reset user passwords, so that locked or forgotten accounts can be restored quickly.","F-2","Generate temporary password emailed to user."
"US-180","As an administrator, I want to reset user passwords, so that locked or forgotten accounts can be restored quickly.","F-3","Force password change on next login."
"US-181","As an administrator, I want to update the ticket round robin configuration, so that ticket assignment is evenly distributed.","F-1","Display list of agents included in round robin."
"US-181","As an administrator, I want to update the ticket round robin configuration, so that ticket assignment is evenly distributed.","F-2","Allow add/remove of agents and weight settings."
"US-181","As an administrator, I want to update the ticket round robin configuration, so that ticket assignment is evenly distributed.","F-3","Apply new configuration immediately to incoming tickets."
"US-182","As a SMART user, I want to choose my MFA device type and continue, so that I can begin multi-factor enrollment.","F-1","Display selectable options Mobile Phone and Landline."
"US-182","As a SMART user, I want to choose my MFA device type and continue, so that I can begin multi-factor enrollment.","F-2","Enable CONTINUE only when one option is chosen."
"US-182","As a SMART user, I want to choose my MFA device type and continue, so that I can begin multi-factor enrollment.","F-3","Redirect to phone-number entry screen after CONTINUE."
"US-183","As a SMART user, I want to enter and confirm my phone number, so that SMART can send MFA verification codes.","F-1","Accept country code and 10-digit phone number input."
"US-183","As a SMART user, I want to enter and confirm my phone number, so that SMART can send MFA verification codes.","F-2","Require user to tick “Verify this number” checkbox."
"US-183","As a SMART user, I want to enter and confirm my phone number, so that SMART can send MFA verification codes.","F-3","Enable CONTINUE when phone number passes format validation."
"US-183","As a SMART user, I want to enter and confirm my phone number, so that SMART can send MFA verification codes.","F-4","Store number in pending MFA profile."
"US-184","As a SMART user, I want to verify phone ownership via call or text, so that MFA enrollment is completed.","F-1","Provide CALL ME and TEXT ME buttons."
"US-184","As a SMART user, I want to verify phone ownership via call or text, so that MFA enrollment is completed.","F-2","Generate and transmit 6-digit one-time code."
"US-184","As a SMART user, I want to verify phone ownership via call or text, so that MFA enrollment is completed.","F-3","Accept code entry and validate against generated value."
"US-184","As a SMART user, I want to verify phone ownership via call or text, so that MFA enrollment is completed.","F-4","Enable VERIFY button only on 6-digit numeric input."
"US-184","As a SMART user, I want to verify phone ownership via call or text, so that MFA enrollment is completed.","F-5","Redirect to Settings page upon successful verify."
"US-185","As a SMART user, I want to review My Settings & Devices and continue to login, so that I know MFA is configured.","F-1","Display enrolled device number and method."
"US-185","As a SMART user, I want to review My Settings & Devices and continue to login, so that I know MFA is configured.","F-2","Provide CONTINUE TO LOGIN button."
"US-185","As a SMART user, I want to review My Settings & Devices and continue to login, so that I know MFA is configured.","F-3","Redirect to Duo login prompt after click."
"US-186","As a SMART user, I want a “Remember me for 60 days” option, so that I can bypass MFA on trusted devices temporarily.","F-1","Show 60-day checkbox on Duo prompt."
"US-186","As a SMART user, I want a “Remember me for 60 days” option, so that I can bypass MFA on trusted devices temporarily.","F-2","Persist trust token for 60 days per browser."
"US-186","As a SMART user, I want a “Remember me for 60 days” option, so that I can bypass MFA on trusted devices temporarily.","F-3","Skip MFA challenge when valid token present."
"US-186","As a SMART user, I want a “Remember me for 60 days” option, so that I can bypass MFA on trusted devices temporarily.","F-4","Expire token automatically on day 61."
"US-187","As a SMART user, I want to log in by selecting CALL ME, so that the system verifies me via phone call and redirects me.","F-1","Trigger automated call delivering approval prompt."
"US-187","As a SMART user, I want to log in by selecting CALL ME, so that the system verifies me via phone call and redirects me.","F-2","Confirm call acceptance before granting session token."
"US-187","As a SMART user, I want to log in by selecting CALL ME, so that the system verifies me via phone call and redirects me.","F-3","Redirect to default page after successful call verification."
"US-188","As a SMART user, I want to request new passcodes by text and log in, so that I can authenticate when calls are inconvenient.","F-1","Provide TEXT ME NEW CODES link on Duo dialog."
"US-188","As a SMART user, I want to request new passcodes by text and log in, so that I can authenticate when calls are inconvenient.","F-2","Send fresh 6-digit code via SMS instantly."
"US-188","As a SMART user, I want to request new passcodes by text and log in, so that I can authenticate when calls are inconvenient.","F-3","Validate entered passcode and grant access."
"US-188","As a SMART user, I want to request new passcodes by text and log in, so that I can authenticate when calls are inconvenient.","F-4","Redirect to default page post-login."
"US-189","As a first-time SMART user, I want to reset my password and set three security questions, so that my account meets policy.","F-1","Display password reset fields plus three question/answer pairs."
"US-189","As a first-time SMART user, I want to reset my password and set three security questions, so that my account meets policy.","F-2","Enforce password complexity rules on entry."
"US-189","As a first-time SMART user, I want to reset my password and set three security questions, so that my account meets policy.","F-3","Require non-duplicate security questions."
"US-189","As a first-time SMART user, I want to reset my password and set three security questions, so that my account meets policy.","F-4","Save credentials and questions after UPDATE."
"US-189","As a first-time SMART user, I want to reset my password and set three security questions, so that my account meets policy.","F-5","Redirect to default page on success."
"US-190","As a SMART user, I want My Dashboard to load automatically after login, so that I can start work immediately.","F-1","Make My Dashboard the default landing route."
"US-190","As a SMART user, I want My Dashboard to load automatically after login, so that I can start work immediately.","F-2","Display seven dashboard tabs on page load."
"US-190","As a SMART user, I want My Dashboard to load automatically after login, so that I can start work immediately.","F-3","Ensure page loads under 3 seconds for 90th percentile users."
"US-191","As a SMART user, I want a top navigation menu to reach any system module, so that I can access needed functions quickly.","F-1","Render persistent menu with listed modules."
"US-191","As a SMART user, I want a top navigation menu to reach any system module, so that I can access needed functions quickly.","F-2","Highlight current module contextually."
"US-191","As a SMART user, I want a top navigation menu to reach any system module, so that I can access needed functions quickly.","F-3","Provide hover or click drop-downs for sub-options."
"US-192","As a SMART user, I want the Loan tab to open its module options, so that I can choose Search, Loan Wizard, or PMC Queue.","F-1","Display three option links under Loan tab."
"US-192","As a SMART user, I want the Loan tab to open its module options, so that I can choose Search, Loan Wizard, or PMC Queue.","F-2","Route each link to its respective page."
"US-192","As a SMART user, I want the Loan tab to open its module options, so that I can choose Search, Loan Wizard, or PMC Queue.","F-3","Remember last-visited option within session."
"US-193","As a SMART user, I want the Mail tab to show NCF Queue and Document Wizard options, so that I can manage incoming mail.","F-1","List NCF Queue and Document Wizard beneath Mail tab."
"US-193","As a SMART user, I want the Mail tab to show NCF Queue and Document Wizard options, so that I can manage incoming mail.","F-2","Navigate correctly on option click."
"US-194","As a SMART user, I want the Servicing tab to give me a Search option, so that I can locate servicing records.","F-1","Render single Search link under Servicing."
"US-194","As a SMART user, I want the Servicing tab to give me a Search option, so that I can locate servicing records.","F-2","Route link to Servicing search page."
"US-195","As a SMART user, I want the Bankruptcy tab to provide a Search option, so that I can query bankruptcy data.","F-1","Display Search link under Bankruptcy."
"US-195","As a SMART user, I want the Bankruptcy tab to provide a Search option, so that I can query bankruptcy data.","F-2","Navigate to Bankruptcy search page."
"US-196","As a SMART user, I want the Foreclosure tab to include a Search option, so that I can locate foreclosure cases.","F-1","Show Search link under Foreclosure tab."
"US-196","As a SMART user, I want the Foreclosure tab to include a Search option, so that I can locate foreclosure cases.","F-2","Route user to Foreclosure search page."
"US-197","As a SMART user, I want Mortgage Release tab options, so that I can perform searches and print check batches or rejects.","F-1","List Mortgage Search, Check Search, Print Batch Checks, Print Rejects Checks."
"US-197","As a SMART user, I want Mortgage Release tab options, so that I can perform searches and print check batches or rejects.","F-2","Link each option to correct page."
"US-198","As a SMART user, I want Cash Management tab options, so that I can access financial reports and queues.","F-1","List seven options under Cash Management."
"US-198","As a SMART user, I want Cash Management tab options, so that I can access financial reports and queues.","F-2","Verify each link routes accurately."
"US-199","As a SMART user, I want Customer Service tab options, so that I can search, create, or review CRM tickets.","F-1","Display Ticket Search, Create New Ticket, CRM Review Queue."
"US-199","As a SMART user, I want Customer Service tab options, so that I can search, create, or review CRM tickets.","F-2","Ensure navigation for each option."
"US-200","As a SMART user, I want Reports tab categories, so that I can open Customer Service, Director, Servicing/Release, or Accounting reports.","F-1","List four report categories."
"US-200","As a SMART user, I want Reports tab categories, so that I can open Customer Service, Director, Servicing/Release, or Accounting reports.","F-2","Navigate correctly on selection."
"US-201","As a SMART user, I want to view and edit my personal information, so that my contact details stay current.","F-1","Open User Information page by clicking username."
"US-201","As a SMART user, I want to view and edit my personal information, so that my contact details stay current.","F-2","Allow editing of identification and contact fields."
"US-201","As a SMART user, I want to view and edit my personal information, so that my contact details stay current.","F-3","Save changes with validation."
"US-202","As a SMART user, I want to switch roles via the Role drop-down, so that I can view SMART from different role perspectives.","F-1","Display available roles in drop-down."
"US-202","As a SMART user, I want to switch roles via the Role drop-down, so that I can view SMART from different role perspectives.","F-2","Reload interface with selected role’s permissions."
"US-202","As a SMART user, I want to switch roles via the Role drop-down, so that I can view SMART from different role perspectives.","F-3","Persist chosen role for session."
"US-203","As a SMART user, I want Maintenance tab options, so that I can manage tickets, vendors, and accounts.","F-1","List Ticket Round Robin, Vendor Management, Account Management, Create Account."
"US-203","As a SMART user, I want Maintenance tab options, so that I can manage tickets, vendors, and accounts.","F-2","Link each option to its page."
"US-204","As a SMART user, I want to open Manage Password on My Account, so that I can change my credentials.","F-1","Scroll directly to Manage Password anchor when selected."
"US-204","As a SMART user, I want to open Manage Password on My Account, so that I can change my credentials.","F-2","Display current and new password fields."
"US-205","As a SMART user, I want to change my password with complexity rules, so that my account remains secure.","F-1","Validate twelve-character minimum length."
"US-205","As a SMART user, I want to change my password with complexity rules, so that my account remains secure.","F-2","Require uppercase, lowercase, number, and special character."
"US-205","As a SMART user, I want to change my password with complexity rules, so that my account remains secure.","F-3","Match new and confirm fields before enabling SAVE."
"US-205","As a SMART user, I want to change my password with complexity rules, so that my account remains secure.","F-4","Store hashed password after SAVE."
"US-206","As a SMART user, I want SMART to force password changes every 30 days and block reuse of 24 passwords, so that policy is enforced.","F-1","Track password-change timestamp per user."
"US-206","As a SMART user, I want SMART to force password changes every 30 days and block reuse of 24 passwords, so that policy is enforced.","F-2","Prevent login past 30 days without reset flow."
"US-206","As a SMART user, I want SMART to force password changes every 30 days and block reuse of 24 passwords, so that policy is enforced.","F-3","Maintain last 24 password hashes for comparison."
"US-206","As a SMART user, I want SMART to force password changes every 30 days and block reuse of 24 passwords, so that policy is enforced.","F-4","Reject new password if it matches stored hash list."
"US-207","As a SMART user, I want my account disabled after 90 inactive days, so that dormant accounts are secured.","F-1","Calculate inactivity based on last login date."
"US-207","As a SMART user, I want my account disabled after 90 inactive days, so that dormant accounts are secured.","F-2","Disable authentication at 90-day threshold."
"US-207","As a SMART user, I want my account disabled after 90 inactive days, so that dormant accounts are secured.","F-3","Display Help Desk contact message on login attempt."
"US-207","As a SMART user, I want my account disabled after 90 inactive days, so that dormant accounts are secured.","F-4","Allow admin reactivation only."
"US-208","As a SMART user, I want to initiate password recovery from the login page, so that I can regain access when credentials are lost.","F-1","Provide FORGOT PASSWORD link on login screen."
"US-208","As a SMART user, I want to initiate password recovery from the login page, so that I can regain access when credentials are lost.","F-2","Redirect to password reset form."
"US-209","As a SMART user, I want to submit my work email and a security question, so that SMART can verify my identity during recovery.","F-1","Require valid corporate email format."
"US-209","As a SMART user, I want to submit my work email and a security question, so that SMART can verify my identity during recovery.","F-2","Present one challenge question drop-down."
"US-209","As a SMART user, I want to submit my work email and a security question, so that SMART can verify my identity during recovery.","F-3","Enable SUBMIT only when both fields populated."
"US-210","As a registered SMART user, I want to receive a temporary password by email, so that I can log in and set a new one.","F-1","Generate one-time temporary password token."
"US-210","As a registered SMART user, I want to receive a temporary password by email, so that I can log in and set a new one.","F-2","Email token to validated address."
"US-210","As a registered SMART user, I want to receive a temporary password by email, so that I can log in and set a new one.","F-3","Expire token after first use or 24 hours."
"US-211","As an unregistered visitor, I want SMART to prompt me to register when recovery fails, so that I can obtain proper access.","F-1","Detect unknown email on recovery submit."
"US-211","As an unregistered visitor, I want SMART to prompt me to register when recovery fails, so that I can obtain proper access.","F-2","Display registration requirement message with link."
"US-212","As a SMART user, I want a LOGOUT button, so that I can end my session securely after saving work.","F-1","Place LOGOUT in top navigation."
"US-212","As a SMART user, I want a LOGOUT button, so that I can end my session securely after saving work.","F-2","Invalidate server session and tokens on click."
"US-212","As a SMART user, I want a LOGOUT button, so that I can end my session securely after saving work.","F-3","Redirect to login page."
"US-213","As a SMART user, I want to export any data table to Excel, so that I can analyze information offline.","F-1","Provide Excel icon on table header."
"US-213","As a SMART user, I want to export any data table to Excel, so that I can analyze information offline.","F-2","Generate .xlsx with current filter set."
"US-213","As a SMART user, I want to export any data table to Excel, so that I can analyze information offline.","F-3","Trigger browser download automatically."
"US-214","As a SMART user, I want to export data tables to PDF, so that I can create printable reports.","F-1","Provide PDF icon on table header."
"US-214","As a SMART user, I want to export data tables to PDF, so that I can create printable reports.","F-2","Open generated PDF in new tab."
"US-214","As a SMART user, I want to export data tables to PDF, so that I can create printable reports.","F-3","Ensure formatting matches on-screen columns."
"US-215","As a SMART user, I want a Print option on data tables, so that I can produce hard copies.","F-1","Provide Print icon on header."
"US-215","As a SMART user, I want a Print option on data tables, so that I can produce hard copies.","F-2","Open print-friendly tab with table content."
"US-215","As a SMART user, I want a Print option on data tables, so that I can produce hard copies.","F-3","Invoke browser print dialog automatically."
"US-216","As a SMART user, I want column search boxes on tables, so that I can filter results quickly.","F-1","Render per-column text input."
"US-216","As a SMART user, I want column search boxes on tables, so that I can filter results quickly.","F-2","Filter table rows on keypress."
"US-216","As a SMART user, I want column search boxes on tables, so that I can filter results quickly.","F-3","Clear filters with one action."
"US-217","As a SMART user, I want to open a loan by clicking its Skey, FHA Case, or Loan number, so that I can view details.","F-1","Convert each identifier to hyperlink."
"US-217","As a SMART user, I want to open a loan by clicking its Skey, FHA Case, or Loan number, so that I can view details.","F-2","Route to corresponding loan record page."
"US-218","As a SMART user, I want the My Loans tab to show Top 20 Recent Loans when none are pinned, so that I still see recent activity.","F-1","Detect zero pinned loans."
"US-218","As a SMART user, I want the My Loans tab to show Top 20 Recent Loans when none are pinned, so that I still see recent activity.","F-2","Populate table with 20 most recent loan records."
"US-219","As a SMART user, I want My Loans to display my pinned loans plus Top 20 Recent, so that critical loans remain visible.","F-1","Merge pinned list with recent list without duplication."
"US-219","As a SMART user, I want My Loans to display my pinned loans plus Top 20 Recent, so that critical loans remain visible.","F-2","Sort pinned loans above recent section."
"US-220","As a SMART user, I want to pin a loan to My Dashboard, so that it’s always accessible.","F-1","Provide PIN TO DASHBOARD button on loan record."
"US-220","As a SMART user, I want to pin a loan to My Dashboard, so that it’s always accessible.","F-2","Show confirmation pop-up with SUBMIT."
"US-220","As a SMART user, I want to pin a loan to My Dashboard, so that it’s always accessible.","F-3","Add loan (and related records) to My Loans table."
"US-221","As a SMART user, I want multiple property-inspection records to appear when their loan is pinned, so that I see all related addresses.","F-1","Query and list all loan records sharing Loan Skey."
"US-221","As a SMART user, I want multiple property-inspection records to appear when their loan is pinned, so that I see all related addresses.","F-2","Display each record under pinned loan entry."
"US-222","As a SMART user, I want to unpin a loan, so that it no longer clutters my dashboard.","F-1","Provide UNPIN FROM DASHBOARD button on loan record."
"US-222","As a SMART user, I want to unpin a loan, so that it no longer clutters my dashboard.","F-2","Show confirmation pop-up."
"US-222","As a SMART user, I want to unpin a loan, so that it no longer clutters my dashboard.","F-3","Remove loan and related records from My Loans list."
"US-223","As a SMART user, I want My Loans to hide unpinned loans immediately, so that the dashboard reflects current selections.","F-1","Refresh My Loans table after successful unpin."
"US-223","As a SMART user, I want My Loans to hide unpinned loans immediately, so that the dashboard reflects current selections.","F-2","Verify removed Loan Skey no longer appears."
"US-224","As a SMART user, I want to access My Tickets dashboard, so that I can monitor my customer service workload.","F-1","Activate My Tickets tab click action."
"US-224","As a SMART user, I want to access My Tickets dashboard, so that I can monitor my customer service workload.","F-2","Load ticket table with pagination."
"US-225","As a SMART user, I want to open a ticket by clicking its number, so that I can review or update it.","F-1","Turn ticket number into hyperlink."
"US-225","As a SMART user, I want to open a ticket by clicking its number, so that I can review or update it.","F-2","Route to ticket detail page."
"US-226","As a SMART user, I want My Tickets to show Top 20 Recent Tickets when none are pinned, so that I see latest activity.","F-1","Detect zero pinned tickets."
"US-226","As a SMART user, I want My Tickets to show Top 20 Recent Tickets when none are pinned, so that I see latest activity.","F-2","Populate table with 20 newest tickets."
"US-227","As a SMART user, I want My Tickets to list pinned tickets above the Top 20, so that important tickets stay visible.","F-1","Merge pinned list and recent list."
"US-227","As a SMART user, I want My Tickets to list pinned tickets above the Top 20, so that important tickets stay visible.","F-2","Label pinned section distinctly."
"US-228","As a SMART user, I want to pin a ticket to My Dashboard, so that I can access it quickly.","F-1","Provide PIN TO DASHBOARD inside ticket detail."
"US-228","As a SMART user, I want to pin a ticket to My Dashboard, so that I can access it quickly.","F-2","Confirm action via pop-up."
"US-228","As a SMART user, I want to pin a ticket to My Dashboard, so that I can access it quickly.","F-3","Add ticket and all related records to My Tickets list."
"US-229","As a SMART user, I want multiple property-inspection ticket records to appear when the ticket is pinned, so that all addresses are visible.","F-1","Retrieve records sharing Ticket Skey."
"US-229","As a SMART user, I want multiple property-inspection ticket records to appear when the ticket is pinned, so that all addresses are visible.","F-2","Render each within My Tickets table."
"US-230","As a SMART user, I want to unpin a ticket, so that it no longer appears on my dashboard.","F-1","Offer UNPIN FROM DASHBOARD in ticket detail."
"US-230","As a SMART user, I want to unpin a ticket, so that it no longer appears on my dashboard.","F-2","Confirm removal via pop-up."
"US-230","As a SMART user, I want to unpin a ticket, so that it no longer appears on my dashboard.","F-3","Delete ticket entries from My Tickets table."
"US-231","As a SMART user, I want My Tickets to refresh immediately after unpinning, so that the list is accurate.","F-1","Refresh table post-unpin action."
"US-231","As a SMART user, I want My Tickets to refresh immediately after unpinning, so that the list is accurate.","F-2","Validate ticket absence in UI."
"US-232","As an LSC user, I want the LSC Inbox to list all my open tickets, so that I can manage current tasks.","F-1","Query tickets assigned to logged-in LSC user with open status."
"US-232","As an LSC user, I want the LSC Inbox to list all my open tickets, so that I can manage current tasks.","F-2","Display sortable table with key columns."
"US-233","As an LSC user, I want to open a ticket and return via BACK TO LSC INBOX, so that navigation is efficient.","F-1","Provide back button on ticket detail."
"US-233","As an LSC user, I want to open a ticket and return via BACK TO LSC INBOX, so that navigation is efficient.","F-2","Restore previous inbox scroll position on return."
"US-234","As an LSC user, I want to filter tickets by LSC user, so that I can view colleagues’ workloads.","F-1","Present dropdown of active LSC users."
"US-234","As an LSC user, I want to filter tickets by LSC user, so that I can view colleagues’ workloads.","F-2","Apply filter instantly on selection."
"US-235","As an LSC user, I want my selected filters and last-viewed ticket highlighted after returning, so that context is preserved.","F-1","Store filter state in session storage."
"US-235","As an LSC user, I want my selected filters and last-viewed ticket highlighted after returning, so that context is preserved.","F-2","Highlight previously opened ticket row."
"US-236","As an LSC user, I want a RESET button to clear filters, so that I can start a fresh search.","F-1","Provide RESET control near filters."
"US-236","As an LSC user, I want a RESET button to clear filters, so that I can start a fresh search.","F-2","Clear stored filter state and reload full list."
"US-237","As an LSC user, I want to select multiple tickets in the inbox, so that I can reassign them in bulk.","F-1","Add checkboxes per row and Select All in header."
"US-237","As an LSC user, I want to select multiple tickets in the inbox, so that I can reassign them in bulk.","F-2","Track selected ticket IDs client-side."
"US-238","As an LSC user, I want to choose a new designee from a dropdown during batch reassignment, so that tickets move to the right person.","F-1","Populate Reassign to LSC User dropdown with active users."
"US-238","As an LSC user, I want to choose a new designee from a dropdown during batch reassignment, so that tickets move to the right person.","F-2","Disable Reassign button until at least one ticket and user selected."
"US-239","As an LSC user, I want to confirm batch reassignment, so that accidental changes are avoided.","F-1","Show modal listing ticket numbers and target user."
"US-239","As an LSC user, I want to confirm batch reassignment, so that accidental changes are avoided.","F-2","Require explicit SUBMIT to proceed."
"US-240","As an LSC user, I want reassigned tickets removed from the previous designee’s filtered view, so that inboxes stay accurate.","F-1","Update ticket designee field server-side."
"US-240","As an LSC user, I want reassigned tickets removed from the previous designee’s filtered view, so that inboxes stay accurate.","F-2","Refresh current inbox after reassignment to reflect removal."
"US-241","As an LSC user, I want reassigned tickets to appear in the new designee’s inbox, so that work is transferred correctly.","F-1","Verify ticket appears when filtering by new designee."
"US-241","As an LSC user, I want reassigned tickets to appear in the new designee’s inbox, so that work is transferred correctly.","F-2","Log reassignment event for audit."
"US-242","As a Supervisor, I want the Supervisor Inbox to list all open tickets, so that I have oversight of workload.","F-1","Query all tickets with open status regardless of designee."
"US-242","As a Supervisor, I want the Supervisor Inbox to list all open tickets, so that I have oversight of workload.","F-2","Render sortable table with aging data."
"US-243","As a Supervisor, I want to open a ticket and return via BACK TO SUPERVISOR INBOX, so that review is efficient.","F-1","Provide back button on ticket detail."
"US-243","As a Supervisor, I want to open a ticket and return via BACK TO SUPERVISOR INBOX, so that review is efficient.","F-2","Return to same scroll position in inbox."
"US-244","As a Supervisor, I want a CHANGE DISPOSITION link for each ticket, so that I can update ticket status quickly.","F-1","Render link in Actions column."
"US-244","As a Supervisor, I want a CHANGE DISPOSITION link for each ticket, so that I can update ticket status quickly.","F-2","Open disposition edit modal on click."
"US-245","As a Supervisor, I want to select a new disposition from a dropdown and save, so that ticket status reflects reality.","F-1","Populate dropdown with valid dispositions per Table 1."
"US-245","As a Supervisor, I want to select a new disposition from a dropdown and save, so that ticket status reflects reality.","F-2","Require SAVE then confirmation SUBMIT."
"US-245","As a Supervisor, I want to select a new disposition from a dropdown and save, so that ticket status reflects reality.","F-3","Persist change to ticket record."
"US-246","As a Supervisor, I want the disposition column to refresh immediately after change, so that I see updated status.","F-1","Refresh row data without full page reload."
"US-246","As a Supervisor, I want the disposition column to refresh immediately after change, so that I see updated status.","F-2","Highlight updated row for 3 seconds to show success."
